星级	菜名	物品ID	来源mod	类别	效果id	效果名	效果数值	低品质(3分钟)	中品质(8分钟)	高品质(15分钟)	超凡(30分钟)	闪耀(单命永久)	依据	原效果	备注
★7	烈焰奶酪火锅	brewinandchewin:fiery_fondue_pot	Brewin' and Chewin'	战斗	vitality	体魄（生命上限）	生命上限+10%基础血(+8HP)	体魄 生命上限+10%基础血(+8HP) · 3分钟	体魄 生命上限+10%基础血(+8HP) · 8分钟	体魄 生命上限+10%基础血(+8HP) · 15分钟	体魄 生命上限+10%基础血(+8HP) · 30分钟	体魄 生命上限+10%基础血(+8HP) · 单命永久（盛宴仅第一份）	主题	舒适7分	全池最稳的被动给唯一的★7战斗菜，4枪验算已覆盖。原舒适7分保持。备选镇火★7。 盛宴/拼盘：出份物品经NBT继承本菜的效果、星级、品质；只有第一份算永久，其余份按超凡30分钟（待拍板）。
★7	巴克拉瓦	delightful:baklava	Delightful	探索	deft_hands	巧手（挖掘速度）	挖掘速度+18%	巧手 挖掘速度+18% · 3分钟	巧手 挖掘速度+18% · 8分钟	巧手 挖掘速度+18% · 15分钟	巧手 挖掘速度+18% · 30分钟	巧手 挖掘速度+18% · 单命永久（盛宴仅第一份）	原效果	急迫 30s	原急迫30s→家常急迫I 30s，不可增香。厨师效果走挖速，不发原版急迫（避免和白兰地永久急迫冲突）。 盛宴/拼盘：出份物品经NBT继承本菜的效果、星级、品质；只有第一份算永久，其余份按超凡30分钟（待拍板）。 非厨锅出品（工作台·盛宴）：需要调味台“掌勺”入口才能出品质（待拍板），否则只能做出家常。
★6	绯红波兰饺子	brewinandchewin:scarlet_pierogi	Brewin' and Chewin'	探索	heat_ward	镇火（火焰减伤）	火焰/岩浆/燃烧伤害-35%，吃下当刻熄火	镇火 火焰/岩浆/燃烧伤害-35%，吃下当刻熄火 · 3分钟	镇火 火焰/岩浆/燃烧伤害-35%，吃下当刻熄火 · 8分钟	镇火 火焰/岩浆/燃烧伤害-35%，吃下当刻熄火 · 15分钟	镇火 火焰/岩浆/燃烧伤害-35%，吃下当刻熄火 · 30分钟	镇火 火焰/岩浆/燃烧伤害-35%，吃下当刻熄火 · 单命永久	食材	滋养7分	下界疣+绯红奶酪，取下界主题。滋养7分保持。
★6	饺子拼盘	dumplings_delight:dumpling_medley	Dumplings Delight	增益	job_mastery	精进（职业经验）	所有职业经验+8%	精进 所有职业经验+8% · 3分钟	精进 所有职业经验+8% · 8分钟	精进 所有职业经验+8% · 15分钟	精进 所有职业经验+8% · 30分钟	精进 所有职业经验+8% · 单命永久（盛宴仅第一份）	主题	(按份取出各类水饺,效果随水饺)	工序最多的拼盘。按份取出的各类水饺统一继承拼盘的精进★6（按出份NBT查表，不按水饺自身配表）。 盛宴/拼盘：出份物品经NBT继承本菜的效果、星级、品质；只有第一份算永久，其余份按超凡30分钟（待拍板）。 非厨锅出品（工作台·盛宴）：需要调味台“掌勺”入口才能出品质（待拍板），否则只能做出家常。
★6	恐怖千层面	brewinandchewin:horror_lasagna	Brewin' and Chewin'	探索	hunter_sight	察敌（怪物高亮）	16格内敌对生物仅对你高亮	察敌 16格内敌对生物仅对你高亮 · 3分钟	察敌 16格内敌对生物仅对你高亮 · 8分钟	察敌 16格内敌对生物仅对你高亮 · 15分钟	察敌 16格内敌对生物仅对你高亮 · 30分钟	察敌 16格内敌对生物仅对你高亮 · 单命永久	主题	滋养5分	“恐怖”主题：看清暗处的怪物。滋养5分保持。
★6	乳蛋饼	brewinandchewin:quiche	Brewin' and Chewin'	战斗	hearty_shield	披甲（黄心护盾）	黄心护盾7%基准血(约5.6点)，脱战10秒补满	披甲 黄心护盾7%基准血(约5.6点)，脱战10秒补满 · 3分钟	披甲 黄心护盾7%基准血(约5.6点)，脱战10秒补满 · 8分钟	披甲 黄心护盾7%基准血(约5.6点)，脱战10秒补满 · 15分钟	披甲 黄心护盾7%基准血(约5.6点)，脱战10秒补满 · 30分钟	披甲 黄心护盾7%基准血(约5.6点)，脱战10秒补满 · 单命永久（盛宴仅第一份）	主题	无	酥皮包住蛋奶的外壳意象。原无效果。 盛宴/拼盘：出份物品经NBT继承本菜的效果、星级、品质；只有第一份算永久，其余份按超凡30分钟（待拍板）。 非厨锅出品（工作台·盛宴）：需要调味台“掌勺”入口才能出品质（待拍板），否则只能做出家常。
★6	Eggplant Parmesan(英)	culturaldelights:eggplant_parmesan_block	Cultural Delights	探索	endurance	耐饥（饥饿消耗降低）	饥饿消耗-26%	耐饥 饥饿消耗-26% · 3分钟	耐饥 饥饿消耗-26% · 8分钟	耐饥 饥饿消耗-26% · 15分钟	耐饥 饥饿消耗-26% · 30分钟	耐饥 饥饿消耗-26% · 单命永久（盛宴仅第一份）	主题	滋养5分	意面+面包的主食盛宴，顺着滋养方向。滋养5分保持。 盛宴/拼盘：出份物品经NBT继承本菜的效果、星级、品质；只有第一份算永久，其余份按超凡30分钟（待拍板）。
★6	热带寿司拼盘	culturaldelights:exotic_roll_medley	Cultural Delights	增益	iron_stomach	铁胃（食物负面缩短）	进食所附负面时长-70%	铁胃 进食所附负面时长-70% · 3分钟	铁胃 进食所附负面时长-70% · 8分钟	铁胃 进食所附负面时长-70% · 15分钟	铁胃 进食所附负面时长-70% · 30分钟	铁胃 进食所附负面时长-70% · 单命永久（盛宴仅第一份）	食材	无	【审查改派：渔获→铁胃】出份是河豚寿司、热带鱼寿司（单点都是铁胃）和鸡肉寿司片，食材含河豚；拼盘效果与出份一致。 盛宴/拼盘：出份物品经NBT继承本菜的效果、星级、品质；只有第一份算永久，其余份按超凡30分钟（待拍板）。 非厨锅出品（工作台·盛宴）：需要调味台“掌勺”入口才能出品质（待拍板），否则只能做出家常。
★6	下界菌水饺	dumplings_delight:fungus_boiled_dumpling	Dumplings Delight	增益	prospector	矿运（矿物额外掉落）	天然矿石额外+1几率4%	矿运 天然矿石额外+1几率4% · 3分钟	矿运 天然矿石额外+1几率4% · 8分钟	矿运 天然矿石额外+1几率4% · 15分钟	矿运 天然矿石额外+1几率4% · 30分钟	矿运 天然矿石额外+1几率4% · 单命永久	食材	无	效果池点名。矿产是经济主线，★5以上只放这1道。
★6	披萨	brewinandchewin:pizza	Brewin' and Chewin'	增益	scholar	悟性（原版经验）	经验球数值+20%	悟性 经验球数值+20% · 3分钟	悟性 经验球数值+20% · 8分钟	悟性 经验球数值+20% · 15分钟	悟性 经验球数值+20% · 30分钟	悟性 经验球数值+20% · 单命永久（盛宴仅第一份）	主题	无	【审查改派：佐餐→悟性】回到效果池原建议；★6给通用的经验球加成，比只服务酿酒饮品的佐餐更通用。 盛宴/拼盘：出份物品经NBT继承本菜的效果、星级、品质；只有第一份算永久，其余份按超凡30分钟（待拍板）。 非厨锅出品（工作台·盛宴）：需要调味台“掌勺”入口才能出品质（待拍板），否则只能做出家常。
★6	火辣咖喱	culturaldelights:spicy_curry	Cultural Delights	战斗	bittersweet	回甘（负面缩短）	新受原版负面时长-30%，生效时清2个	回甘 新受原版负面时长-30%，生效时清2个 · 3分钟	回甘 新受原版负面时长-30%，生效时清2个 · 8分钟	回甘 新受原版负面时长-30%，生效时清2个 · 15分钟	回甘 新受原版负面时长-30%，生效时清2个 · 30分钟	回甘 新受原版负面时长-30%，生效时清2个 · 单命永久	主题	滋养5分	【审查改派：辣味→回甘】“咖喱发汗”；辣味在枪战服几乎无用，★6改给回甘（★5起生效时清2个）。滋养5分保持。
★6	墨西哥鸡肉卷	culturaldelights:chicken_taco	Cultural Delights	战斗	savory_heal	膳香（进食回血）	每吃完一份正餐回复7%基准血(冷却30秒)	膳香 每吃完一份正餐回复7%基准血(冷却30秒) · 3分钟	膳香 每吃完一份正餐回复7%基准血(冷却30秒) · 8分钟	膳香 每吃完一份正餐回复7%基准血(冷却30秒) · 15分钟	膳香 每吃完一份正餐回复7%基准血(冷却30秒) · 30分钟	膳香 每吃完一份正餐回复7%基准血(冷却30秒) · 单命永久	主题	无	【审查改派：聚宝→膳香】手抓卷饼边走边吃；让膳香在★5以上有菜。 非厨锅出品（工作台）：需要调味台“掌勺”入口才能出品质（待拍板），否则只能做出家常。
★6	豪华芝士汉堡	delightful:deluxe_cheeseburger	Delightful	战斗	hunter_edge	猎手（对怪增伤）	对非玩家生物伤害+10%(精英除外)	猎手 对非玩家生物伤害+10%(精英除外) · 3分钟	猎手 对非玩家生物伤害+10%(精英除外) · 8分钟	猎手 对非玩家生物伤害+10%(精英除外) · 15分钟	猎手 对非玩家生物伤害+10%(精英除外) · 30分钟	猎手 对非玩家生物伤害+10%(精英除外) · 单命永久	原效果	⚠滋养4分、力量 30s	原力量30s→家常力量I 15s，不可增香，计入60秒食物战斗增益冷却；滋养4分保持。力量改走只对怪的猎手。 非厨锅出品（工作台）：需要调味台“掌勺”入口才能出品质（待拍板），否则只能做出家常。
★5	洛林乳蛋饼	casualness_delight:quiche_lorraine	Casualness Delight	增益	butcher	庖丁（牲畜额外掉肉）	宰杀牲畜额外+1肉/皮几率15%	庖丁 宰杀牲畜额外+1肉/皮几率15% · 3分钟	庖丁 宰杀牲畜额外+1肉/皮几率15% · 8分钟	庖丁 宰杀牲畜额外+1肉/皮几率15% · 15分钟	庖丁 宰杀牲畜额外+1肉/皮几率15% · 30分钟	庖丁 宰杀牲畜额外+1肉/皮几率15% · 单命永久（盛宴仅第一份）	食材	舒适1.5分、滋养1分	烟熏火腿+培根。舒适1.5分、滋养1分保持。 盛宴/拼盘：出份物品经NBT继承本菜的效果、星级、品质；只有第一份算永久，其余份按超凡30分钟（待拍板）。 非厨锅出品（工作台·盛宴）：需要调味台“掌勺”入口才能出品质（待拍板），否则只能做出家常。
★5	仰望星空派	casualness_delight:stargazy_pie	Casualness Delight	探索	night_sight	夜照（夜视）	夜视+失明/黑暗时长-20%	夜照 夜视+失明/黑暗时长-20% · 3分钟	夜照 夜视+失明/黑暗时长-20% · 8分钟	夜照 夜视+失明/黑暗时长-20% · 15分钟	夜照 夜视+失明/黑暗时长-20% · 30分钟	夜照 夜视+失明/黑暗时长-20% · 单命永久（盛宴仅第一份）	主题	反胃 10s、失明 15s	取“仰望星空”。原负面：家常保持反胃10s、失明15s；厨师出品（各品质相同）减半为5s/7.5s。 盛宴/拼盘：出份物品经NBT继承本菜的效果、星级、品质；只有第一份算永久，其余份按超凡30分钟（待拍板）。 非厨锅出品（工作台·盛宴）：需要调味台“掌勺”入口才能出品质（待拍板），否则只能做出家常。
★5	烤棉花糖饼干	delightful:smore	Delightful	探索	featherfall	轻羽（摔落减伤+潜行缓降）	摔落伤害-40%+脱战潜行缓降2秒	轻羽 摔落伤害-40%+脱战潜行缓降2秒 · 3分钟	轻羽 摔落伤害-40%+脱战潜行缓降2秒 · 8分钟	轻羽 摔落伤害-40%+脱战潜行缓降2秒 · 15分钟	轻羽 摔落伤害-40%+脱战潜行缓降2秒 · 30分钟	轻羽 摔落伤害-40%+脱战潜行缓降2秒 · 单命永久	原效果	舒适2分、缓降 10s	原缓降10s、舒适2分保持（机动类I级不削）。 非厨锅出品（工作台）：需要调味台“掌勺”入口才能出品质（待拍板），否则只能做出家常。
★5	辣子仙人掌	delightful:cactus_chili	Delightful	战斗	fiery_retort	辣味（近战反击点燃）	被怪物近战命中时30%几率点燃对方3秒	辣味 被怪物近战命中时30%几率点燃对方3秒 · 3分钟	辣味 被怪物近战命中时30%几率点燃对方3秒 · 8分钟	辣味 被怪物近战命中时30%几率点燃对方3秒 · 15分钟	辣味 被怪物近战命中时30%几率点燃对方3秒 · 30分钟	辣味 被怪物近战命中时30%几率点燃对方3秒 · 单命永久	原效果	⚠舒适3分、力量 20s	原力量20s→家常力量I 10s，不可增香，计入60秒冷却；舒适3分保持。辣味只对怪物近战触发。
★5	芝士汉堡	delightful:cheeseburger	Delightful	战斗	hunter_edge	猎手（对怪增伤）	对非玩家生物伤害+8%(精英除外)	猎手 对非玩家生物伤害+8%(精英除外) · 3分钟	猎手 对非玩家生物伤害+8%(精英除外) · 8分钟	猎手 对非玩家生物伤害+8%(精英除外) · 15分钟	猎手 对非玩家生物伤害+8%(精英除外) · 30分钟	猎手 对非玩家生物伤害+8%(精英除外) · 单命永久	原效果	⚠滋养1分、力量 20s	原力量20s→家常力量I 10s，不可增香，计入60秒冷却；滋养1分保持。 非厨锅出品（工作台）：需要调味台“掌勺”入口才能出品质（待拍板），否则只能做出家常。
★5	蜜汁火腿	farmersdelight:honey_glazed_ham_block	Farmer's Delight	战斗	emergency_mend	回春（低血急救）	血量<35%时急救回复8%基准血，冷却150秒	回春 血量<35%时急救回复8%基准血，冷却150秒 · 3分钟	回春 血量<35%时急救回复8%基准血，冷却150秒 · 8分钟	回春 血量<35%时急救回复8%基准血，冷却150秒 · 15分钟	回春 血量<35%时急救回复8%基准血，冷却150秒 · 30分钟	回春 血量<35%时急救回复8%基准血，冷却150秒 · 单命永久（盛宴仅第一份）	食材	滋养5分	【审查改派：攀爬→回春】取蜂蜜疗伤；让回春在★5有菜。滋养5分保持。 盛宴/拼盘：出份物品经NBT继承本菜的效果、星级、品质；只有第一份算永久，其余份按超凡30分钟（待拍板）。 非厨锅出品（工作台·盛宴）：需要调味台“掌勺”入口才能出品质（待拍板），否则只能做出家常。
★5	八宝饭	casualness_delight:sweet_rice	Casualness Delight	增益	good_fortune	好彩（幸运）	幸运+1.25	好彩 幸运+1.25 · 3分钟	好彩 幸运+1.25 · 8分钟	好彩 幸运+1.25 · 15分钟	好彩 幸运+1.25 · 30分钟	好彩 幸运+1.25 · 单命永久（盛宴仅第一份）	主题	无	吉祥菜（效果池点名）。 盛宴/拼盘：出份物品经NBT继承本菜的效果、星级、品质；只有第一份算永久，其余份按超凡30分钟（待拍板）。
★5	蛤蜊大杂烩	crabbersdelight:clam_bake	Crabber's Delight	增益	bountiful_pot	多福（做菜多出一份）	做菜多出1份家常品几率8%	多福 做菜多出1份家常品几率8% · 3分钟	多福 做菜多出1份家常品几率8% · 8分钟	多福 做菜多出1份家常品几率8% · 15分钟	多福 做菜多出1份家常品几率8% · 30分钟	多福 做菜多出1份家常品几率8% · 单命永久	主题	滋养5分	锅菜/大杂烩（效果池点名）。滋养5分保持。
★5	大树莓派	delightful:salmonberry_pie	Delightful	探索	gills	潜鳃（水下呼吸）	水下呼吸+脱战游速+8%+水下挖掘不减速	潜鳃 水下呼吸+脱战游速+8%+水下挖掘不减速 · 3分钟	潜鳃 水下呼吸+脱战游速+8%+水下挖掘不减速 · 8分钟	潜鳃 水下呼吸+脱战游速+8%+水下挖掘不减速 · 15分钟	潜鳃 水下呼吸+脱战游速+8%+水下挖掘不减速 · 30分钟	潜鳃 水下呼吸+脱战游速+8%+水下挖掘不减速 · 单命永久（盛宴仅第一份）	原效果	水下呼吸 30s	原水下呼吸30s保持。 盛宴/拼盘：出份物品经NBT继承本菜的效果、星级、品质；只有第一份算永久，其余份按超凡30分钟（待拍板）。 非厨锅出品（工作台·盛宴）：需要调味台“掌勺”入口才能出品质（待拍板），否则只能做出家常。
★5	填馅甜瓜	delightful:stuffed_cantaloupe_block	Delightful	战斗	last_stand	坚守（低血减伤窗口）	血量<25%时开20%减伤窗口3秒，冷却120秒	坚守 血量<25%时开20%减伤窗口3秒，冷却120秒 · 3分钟	坚守 血量<25%时开20%减伤窗口3秒，冷却120秒 · 8分钟	坚守 血量<25%时开20%减伤窗口3秒，冷却120秒 · 15分钟	坚守 血量<25%时开20%减伤窗口3秒，冷却120秒 · 30分钟	坚守 血量<25%时开20%减伤窗口3秒，冷却120秒 · 单命永久（盛宴仅第一份）	原效果	⚠滋养4分、抗性提升 II 30s	原抗性提升II 30s→家常抗性I 8s（审查后由15s统一为8s），每份都受60秒冷却，不可增香；滋养4分保持。 盛宴/拼盘：出份物品经NBT继承本菜的效果、星级、品质；只有第一份算永久，其余份按超凡30分钟（待拍板）。
★5	烤鸡	farmersdelight:roast_chicken_block	Farmer's Delight	战斗	vitality	体魄（生命上限）	生命上限+7.5%基础血(+6HP)	体魄 生命上限+7.5%基础血(+6HP) · 3分钟	体魄 生命上限+7.5%基础血(+6HP) · 8分钟	体魄 生命上限+7.5%基础血(+6HP) · 15分钟	体魄 生命上限+7.5%基础血(+6HP) · 30分钟	体魄 生命上限+7.5%基础血(+6HP) · 单命永久（盛宴仅第一份）	主题	滋养5分	带滋养的大份肉菜盛宴。滋养5分保持。 盛宴/拼盘：出份物品经NBT继承本菜的效果、星级、品质；只有第一份算永久，其余份按超凡30分钟（待拍板）。 非厨锅出品（工作台·盛宴）：需要调味台“掌勺”入口才能出品质（待拍板），否则只能做出家常。
★5	巧克力派	farmersdelight:chocolate_pie	Farmer's Delight	探索	wayfarer	赶路（脱战移速）	脱战移速+6%	赶路 脱战移速+6% · 3分钟	赶路 脱战移速+6% · 8分钟	赶路 脱战移速+6% · 15分钟	赶路 脱战移速+6% · 30分钟	赶路 脱战移速+6% · 单命永久（盛宴仅第一份）	原效果	速度 30s	原速度30s保持I级，增香放大后封顶60秒。 盛宴/拼盘：出份物品经NBT继承本菜的效果、星级、品质；只有第一份算永久，其余份按超凡30分钟（待拍板）。 非厨锅出品（工作台·盛宴）：需要调味台“掌勺”入口才能出品质（待拍板），否则只能做出家常。
★5	寿司拼盘	farmersdelight:rice_roll_medley_block	Farmer's Delight	增益	angler	渔获（钓获体型）	钓获体型+0.16σ	渔获 钓获体型+0.16σ · 3分钟	渔获 钓获体型+0.16σ · 8分钟	渔获 钓获体型+0.16σ · 15分钟	渔获 钓获体型+0.16σ · 30分钟	渔获 钓获体型+0.16σ · 单命永久（盛宴仅第一份）	主题	无	【审查改派：精进→渔获】出份是鲑鱼寿司、鳕鱼寿司（单点都是渔获）和海带卷片，拼盘效果与出份一致。 盛宴/拼盘：出份物品经NBT继承本菜的效果、星级、品质；只有第一份算永久，其余份按超凡30分钟（待拍板）。 非厨锅出品（工作台·盛宴）：需要调味台“掌勺”入口才能出品质（待拍板），否则只能做出家常。
★5	填馅南瓜	farmersdelight:stuffed_pumpkin_block	Farmer's Delight	增益	green_thumb	沃土（作物加速生长）	半径4格作物生长+15%	沃土 半径4格作物生长+15% · 3分钟	沃土 半径4格作物生长+15% · 8分钟	沃土 半径4格作物生长+15% · 15分钟	沃土 半径4格作物生长+15% · 30分钟	沃土 半径4格作物生长+15% · 单命永久（盛宴仅第一份）	食材	滋养5分	南瓜、马铃薯、稻米、浆果整锅都是作物。滋养5分保持。 盛宴/拼盘：出份物品经NBT继承本菜的效果、星级、品质；只有第一份算永久，其余份按超凡30分钟（待拍板）。
★5	豪华汉堡	moredelight:loaded_hamburger	More Delight	战斗	stable_aim	稳膛（抗击退）	受到击退-24%	稳膛 受到击退-24% · 3分钟	稳膛 受到击退-24% · 8分钟	稳膛 受到击退-24% · 15分钟	稳膛 受到击退-24% · 30分钟	稳膛 受到击退-24% · 单命永久	主题	无	厚重肉菜，汉堡系对应稳膛。 非厨锅出品（工作台）：需要调味台“掌勺”入口才能出品质（待拍板），否则只能做出家常。
★4	钵钵鸡	casualness_delight:bobo_chicken	Casualness Delight	战斗	victory_feast	饱餐（击杀回血）	击杀敌对生物回复3.5%基准血(冷却2秒)	饱餐 击杀敌对生物回复3.5%基准血(冷却2秒) · 3分钟	饱餐 击杀敌对生物回复3.5%基准血(冷却2秒) · 8分钟	饱餐 击杀敌对生物回复3.5%基准血(冷却2秒) · 15分钟	饱餐 击杀敌对生物回复3.5%基准血(冷却2秒) · 30分钟	饱餐 击杀敌对生物回复3.5%基准血(冷却2秒) · 单命永久（盛宴仅第一份）	主题	滋养30s	钵钵鸡就是串串，对应烤串类。滋养30s保持。 盛宴/拼盘：出份物品经NBT继承本菜的效果、星级、品质；只有第一份算永久，其余份按超凡30分钟（待拍板）。
★4	盘装大炸饺	casualness_delight:plate_of_fried_dumpling	Casualness Delight	战斗	grease	凝脂（爆炸减伤）	爆炸伤害-15%	凝脂 爆炸伤害-15% · 3分钟	凝脂 爆炸伤害-15% · 8分钟	凝脂 爆炸伤害-15% · 15分钟	凝脂 爆炸伤害-15% · 30分钟	凝脂 爆炸伤害-15% · 单命永久（盛宴仅第一份）	食材	无	炸物。出份是大炸饺（单点★3凝脂），从本盘取出的按NBT给凝脂★4。 盛宴/拼盘：出份物品经NBT继承本菜的效果、星级、品质；只有第一份算永久，其余份按超凡30分钟（待拍板）。 非厨锅出品（工作台·盛宴(子菜需炸锅)）：需要调味台“掌勺”入口才能出品质（待拍板），否则只能做出家常。
★4	纸包鱼	casualness_delight:paper_wrapped_fish	Casualness Delight	增益	angler	渔获（钓获体型）	钓获体型+0.13σ	渔获 钓获体型+0.13σ · 3分钟	渔获 钓获体型+0.13σ · 8分钟	渔获 钓获体型+0.13σ · 15分钟	渔获 钓获体型+0.13σ · 30分钟	渔获 钓获体型+0.13σ · 单命永久（盛宴仅第一份）	食材	舒适3分	鲑鱼料理（效果池点名）。舒适3分保持。 盛宴/拼盘：出份物品经NBT继承本菜的效果、星级、品质；只有第一份算永久，其余份按超凡30分钟（待拍板）。
★4	牛肉卷饼	culturaldelights:beef_burrito	Cultural Delights	增益	thrift	惜物（工具耐久）	工具免扣耐久几率12%	惜物 工具免扣耐久几率12% · 3分钟	惜物 工具免扣耐久几率12% · 8分钟	惜物 工具免扣耐久几率12% · 15分钟	惜物 工具免扣耐久几率12% · 30分钟	惜物 工具免扣耐久几率12% · 单命永久	主题	无	卷饼类（效果池点名）。 非厨锅出品（工作台）：需要调味台“掌勺”入口才能出品质（待拍板），否则只能做出家常。
★4	浆果抹茶拿铁	delightful:berry_matcha_latte	Delightful	战斗	emergency_mend	回春（低血急救）	血量<35%时急救回复7%基准血，冷却165秒	回春 血量<35%时急救回复7%基准血，冷却165秒 · 3分钟	回春 血量<35%时急救回复7%基准血，冷却165秒 · 8分钟	回春 血量<35%时急救回复7%基准血，冷却165秒 · 15分钟	回春 血量<35%时急救回复7%基准血，冷却165秒 · 30分钟	回春 血量<35%时急救回复7%基准血，冷却165秒 · 单命永久	原效果	⚠瞬间治疗	原瞬间治疗→家常生命恢复I 8s，不再瞬回，不可增香。 非厨锅出品（工作台）：需要调味台“掌勺”入口才能出品质（待拍板），否则只能做出家常。
★4	兔肉水饺	dumplings_delight:rabbit_meat_boiled_dumpling	Dumplings Delight	探索	spring_step	弹步（脱战跳跃+登阶）	脱战起跳+12%+登阶	弹步 脱战起跳+12%+登阶 · 3分钟	弹步 脱战起跳+12%+登阶 · 8分钟	弹步 脱战起跳+12%+登阶 · 15分钟	弹步 脱战起跳+12%+登阶 · 30分钟	弹步 脱战起跳+12%+登阶 · 单命永久	原效果	跳跃提升 15s	原跳跃提升15s保持I级，不可增香。审查后登阶下移到★4，本菜可拿到。备选好彩★4（配方有兔子脚），待拍板。
★4	苹果派	farmersdelight:apple_pie	Farmer's Delight	探索	rider	驭行（坐骑速度）	脱战坐骑移速+11%	驭行 脱战坐骑移速+11% · 3分钟	驭行 脱战坐骑移速+11% · 8分钟	驭行 脱战坐骑移速+11% · 15分钟	驭行 脱战坐骑移速+11% · 30分钟	驭行 脱战坐骑移速+11% · 单命永久（盛宴仅第一份）	原效果	速度 30s	原速度30s保持I级；顺着速度方向，取“苹果喂马”。 盛宴/拼盘：出份物品经NBT继承本菜的效果、星级、品质；只有第一份算永久，其余份按超凡30分钟（待拍板）。 非厨锅出品（工作台·盛宴）：需要调味台“掌勺”入口才能出品质（待拍板），否则只能做出家常。
★4	下界沙拉	farmersdelight:nether_salad	Farmer's Delight	增益	iron_stomach	铁胃（食物负面缩短）	进食所附负面时长-50%	铁胃 进食所附负面时长-50% · 3分钟	铁胃 进食所附负面时长-50% · 8分钟	铁胃 进食所附负面时长-50% · 15分钟	铁胃 进食所附负面时长-50% · 30分钟	铁胃 进食所附负面时长-50% · 单命永久	原效果	反胃 12s	原反胃12s：家常保持；厨师出品（各品质相同）减半为6s。取“吃生下界菌练出铁胃”。 非厨锅出品（工作台）：需要调味台“掌勺”入口才能出品质（待拍板），否则只能做出家常。
★4	守卫者浓汤	oceansdelight:guardian_soup	Ocean's Delight	探索	gills	潜鳃（水下呼吸）	水下呼吸+脱战游速+5%	潜鳃 水下呼吸+脱战游速+5% · 3分钟	潜鳃 水下呼吸+脱战游速+5% · 8分钟	潜鳃 水下呼吸+脱战游速+5% · 15分钟	潜鳃 水下呼吸+脱战游速+5% · 30分钟	潜鳃 水下呼吸+脱战游速+5% · 单命永久（盛宴仅第一份）	食材	舒适3分	守卫者来自海底神殿。舒适3分保持。 盛宴/拼盘：出份物品经NBT继承本菜的效果、星级、品质；只有第一份算永久，其余份按超凡30分钟（待拍板）。
★4	蛋糕	minecraft:cake	原版(配方来自FD/Delightful)	探索	wayfarer	赶路（脱战移速）	脱战移速+5.5%	赶路 脱战移速+5.5% · 3分钟	赶路 脱战移速+5.5% · 8分钟	赶路 脱战移速+5.5% · 15分钟	赶路 脱战移速+5.5% · 30分钟	赶路 脱战移速+5.5% · 单命永久（盛宴仅第一份）	原效果	速度 20s	原速度20s保持I级。实现：蛋糕是放下后右键方块吃，不走UseItem.Finish，要挂RightClickBlock并把品质记在放置的方块上。 盛宴/拼盘：出份物品经NBT继承本菜的效果、星级、品质；只有第一份算永久，其余份按超凡30分钟（待拍板）。 非厨锅出品（工作台·盛宴）：需要调味台“掌勺”入口才能出品质（待拍板），否则只能做出家常。
★4	南瓜派	minecraft:pumpkin_pie	原版(配方来自FD/Delightful)	探索	surefoot	踏实（地形减速抵消）	脱战地形减速抵消30%+细雪不冻伤	踏实 脱战地形减速抵消30%+细雪不冻伤 · 3分钟	踏实 脱战地形减速抵消30%+细雪不冻伤 · 8分钟	踏实 脱战地形减速抵消30%+细雪不冻伤 · 15分钟	踏实 脱战地形减速抵消30%+细雪不冻伤 · 30分钟	踏实 脱战地形减速抵消30%+细雪不冻伤 · 单命永久（盛宴仅第一份）	原效果	速度 30s	原速度30s保持I级。本包由Delightful做成可放置派（盛宴3分已核实，★4无误）。取“南瓜头雪傀儡”。 盛宴/拼盘：出份物品经NBT继承本菜的效果、星级、品质；只有第一份算永久，其余份按超凡30分钟（待拍板）。 非厨锅出品（工作台·盛宴）：需要调味台“掌勺”入口才能出品质（待拍板），否则只能做出家常。
★4	奶酪意大利面	brewinandchewin:cheesy_pasta	Brewin' and Chewin'	探索	endurance	耐饥（饥饿消耗降低）	饥饿消耗-18%	耐饥 饥饿消耗-18% · 3分钟	耐饥 饥饿消耗-18% · 8分钟	耐饥 饥饿消耗-18% · 15分钟	耐饥 饥饿消耗-18% · 30分钟	耐饥 饥饿消耗-18% · 单命永久	主题	滋养5分	意面主食，顺着滋养方向。滋养5分保持。
★4	春卷拼盘	casualness_delight:spring_roll_medley	Casualness Delight	战斗	grease	凝脂（爆炸减伤）	爆炸伤害-15%	凝脂 爆炸伤害-15% · 3分钟	凝脂 爆炸伤害-15% · 8分钟	凝脂 爆炸伤害-15% · 15分钟	凝脂 爆炸伤害-15% · 30分钟	凝脂 爆炸伤害-15% · 单命永久（盛宴仅第一份）	主题	滋养30s	【审查改派：好彩→凝脂】出份是春卷（单点凝脂），拼盘效果与出份一致，也回到效果池原建议。滋养30s保持。 盛宴/拼盘：出份物品经NBT继承本菜的效果、星级、品质；只有第一份算永久，其余份按超凡30分钟（待拍板）。 非厨锅出品（工作台·盛宴(子菜需炸锅)）：需要调味台“掌勺”入口才能出品质（待拍板），否则只能做出家常。
★4	驴肉火烧	casualness_delight:donkey_burger	Casualness Delight	探索	rider	驭行（坐骑速度）	脱战坐骑移速+11%	驭行 脱战坐骑移速+11% · 3分钟	驭行 脱战坐骑移速+11% · 8分钟	驭行 脱战坐骑移速+11% · 15分钟	驭行 脱战坐骑移速+11% · 30分钟	驭行 脱战坐骑移速+11% · 单命永久	食材	无	驴肉（效果池点名）。 非厨锅出品（工作台）：需要调味台“掌勺”入口才能出品质（待拍板），否则只能做出家常。
★4	海鲜秋葵浓汤	crabbersdelight:seafood_gumbo	Crabber's Delight	战斗	beast_ward	驱兽（对怪减伤）	受非玩家生物伤害-10%(精英减半)	驱兽 受非玩家生物伤害-10%(精英减半) · 3分钟	驱兽 受非玩家生物伤害-10%(精英减半) · 8分钟	驱兽 受非玩家生物伤害-10%(精英减半) · 15分钟	驱兽 受非玩家生物伤害-10%(精英减半) · 30分钟	驱兽 受非玩家生物伤害-10%(精英减半) · 单命永久	主题	舒适5分	舒适炖汤对应驱兽。舒适5分保持。
★4	蟹肉饼	crabbersdelight:crab_cakes	Crabber's Delight	战斗	hearty_shield	披甲（黄心护盾）	黄心护盾5%基准血(约4点)，脱战10秒补满	披甲 黄心护盾5%基准血(约4点)，脱战10秒补满 · 3分钟	披甲 黄心护盾5%基准血(约4点)，脱战10秒补满 · 8分钟	披甲 黄心护盾5%基准血(约4点)，脱战10秒补满 · 15分钟	披甲 黄心护盾5%基准血(约4点)，脱战10秒补满 · 30分钟	披甲 黄心护盾5%基准血(约4点)，脱战10秒补满 · 单命永久	食材	滋养1分	蟹壳→披甲。滋养1分保持。
★4	恩潘纳达炸饺	culturaldelights:empanada	Cultural Delights	增益	magnet	聚宝（拾取范围）	拾取半径+1.5格	聚宝 拾取半径+1.5格 · 3分钟	聚宝 拾取半径+1.5格 · 8分钟	聚宝 拾取半径+1.5格 · 15分钟	聚宝 拾取半径+1.5格 · 30分钟	聚宝 拾取半径+1.5格 · 单命永久	主题	无	手抓馅饼小吃。
★4	丰盛色拉	culturaldelights:hearty_salad	Cultural Delights	增益	harvest_bounty	丰收（作物额外产出）	收获成熟作物额外+1几率6%	丰收 收获成熟作物额外+1几率6% · 3分钟	丰收 收获成熟作物额外+1几率6% · 8分钟	丰收 收获成熟作物额外+1几率6% · 15分钟	丰收 收获成熟作物额外+1几率6% · 30分钟	丰收 收获成熟作物额外+1几率6% · 单命永久	食材	滋养5分	蔬菜沙拉（效果池点名）。滋养5分保持。 非厨锅出品（工作台）：需要调味台“掌勺”入口才能出品质（待拍板），否则只能做出家常。
★4	绿色寿司卷	culturaldelights:midori_roll	Cultural Delights	探索	heat_ward	镇火（火焰减伤）	火焰/岩浆/燃烧伤害-25%，吃下当刻熄火	镇火 火焰/岩浆/燃烧伤害-25%，吃下当刻熄火 · 3分钟	镇火 火焰/岩浆/燃烧伤害-25%，吃下当刻熄火 · 8分钟	镇火 火焰/岩浆/燃烧伤害-25%，吃下当刻熄火 · 15分钟	镇火 火焰/岩浆/燃烧伤害-25%，吃下当刻熄火 · 30分钟	镇火 火焰/岩浆/燃烧伤害-25%，吃下当刻熄火 · 单命永久	食材	无	黄瓜、牛油果“清凉解热”。 非厨锅出品（工作台）：需要调味台“掌勺”入口才能出品质（待拍板），否则只能做出家常。
★4	茄子汉堡	culturaldelights:eggplant_burger	Cultural Delights	战斗	steady_body	稳身（受伤减免）	全来源受伤减免2.5%	稳身 全来源受伤减免2.5% · 3分钟	稳身 全来源受伤减免2.5% · 8分钟	稳身 全来源受伤减免2.5% · 15分钟	稳身 全来源受伤减免2.5% · 30分钟	稳身 全来源受伤减免2.5% · 单命永久	补位	无	让稳身在★4有菜。 非厨锅出品（工作台）：需要调味台“掌勺”入口才能出品质（待拍板），否则只能做出家常。
★4	坚果酱果酱三明治	delightful:nut_butter_and_jam_sandwich	Delightful	增益	anvil_thrift	匠心（铁砧省经验）	铁砧等级花费-12%	匠心 铁砧等级花费-12% · 3分钟	匠心 铁砧等级花费-12% · 8分钟	匠心 铁砧等级花费-12% · 15分钟	匠心 铁砧等级花费-12% · 30分钟	匠心 铁砧等级花费-12% · 单命永久	食材	滋养3分	坚果类（效果池点名）。滋养3分保持。 非厨锅出品（工作台）：需要调味台“掌勺”入口才能出品质（待拍板），否则只能做出家常。
★4	田园沙拉	delightful:field_salad	Delightful	战斗	lingering_regen	余韵（缓慢回血）	每10秒回复0.9%基准血	余韵 每10秒回复0.9%基准血 · 3分钟	余韵 每10秒回复0.9%基准血 · 8分钟	余韵 每10秒回复0.9%基准血 · 15分钟	余韵 每10秒回复0.9%基准血 · 30分钟	余韵 每10秒回复0.9%基准血 · 单命永久	原效果	滋养30s、生命恢复 10s	原生命恢复10s、滋养30s保持（只刷新不叠加）。 非厨锅出品（工作台）：需要调味台“掌勺”入口才能出品质（待拍板），否则只能做出家常。
★4	炸蟹角	delightful:crab_rangoon	Delightful	增益	pairing	佐餐（酿酒师联动）	酿酒师限时饮品时长+12%	佐餐 酿酒师限时饮品时长+12% · 3分钟	佐餐 酿酒师限时饮品时长+12% · 8分钟	佐餐 酿酒师限时饮品时长+12% · 15分钟	佐餐 酿酒师限时饮品时长+12% · 30分钟	佐餐 酿酒师限时饮品时长+12% · 单命永久	主题	无	下酒菜（效果池点名）。
★4	白菜猪肉馄饨	dumplings_delight:pork_cabbage_wonton	Dumplings Delight	战斗	savory_heal	膳香（进食回血）	每吃完一份正餐回复5%基准血(冷却30秒)	膳香 每吃完一份正餐回复5%基准血(冷却30秒) · 3分钟	膳香 每吃完一份正餐回复5%基准血(冷却30秒) · 8分钟	膳香 每吃完一份正餐回复5%基准血(冷却30秒) · 15分钟	膳香 每吃完一份正餐回复5%基准血(冷却30秒) · 30分钟	膳香 每吃完一份正餐回复5%基准血(冷却30秒) · 单命永久	主题	无	热汤馄饨暖胃。
★4	茄子鸡蛋水饺	dumplings_delight:eggplant_egg_boiled_dumpling	Dumplings Delight	增益	green_thumb	沃土（作物加速生长）	半径4格作物生长+12%	沃土 半径4格作物生长+12% · 3分钟	沃土 半径4格作物生长+12% · 8分钟	沃土 半径4格作物生长+12% · 15分钟	沃土 半径4格作物生长+12% · 30分钟	沃土 半径4格作物生长+12% · 单命永久	食材	无	茄子素馅，作物主题。
★4	香菇猪肉馄饨	dumplings_delight:pork_mushroom_wonton	Dumplings Delight	探索	deft_hands	巧手（挖掘速度）	挖掘速度+10%	巧手 挖掘速度+10% · 3分钟	巧手 挖掘速度+10% · 8分钟	巧手 挖掘速度+10% · 15分钟	巧手 挖掘速度+10% · 30分钟	巧手 挖掘速度+10% · 单命永久	食材	无	洞穴蘑菇当矿工夜宵；巧手的中档来源。
★4	鱿鱼水饺	dumplings_delight:calamari_boiled_dumpling	Dumplings Delight	探索	ink_veil	潜踪（怪物发现距离）	怪物发现你的距离-18%	潜踪 怪物发现你的距离-18% · 3分钟	潜踪 怪物发现你的距离-18% · 8分钟	潜踪 怪物发现你的距离-18% · 15分钟	潜踪 怪物发现你的距离-18% · 30分钟	潜踪 怪物发现你的距离-18% · 单命永久	食材	无	鱿鱼系（效果池点名）。
★4	猪肉茴香水饺	dumplings_delight:pork_fennel_boiled_dumpling	Dumplings Delight	增益	scholar	悟性（原版经验）	经验球数值+12%	悟性 经验球数值+12% · 3分钟	悟性 经验球数值+12% · 8分钟	悟性 经验球数值+12% · 15分钟	悟性 经验球数值+12% · 30分钟	悟性 经验球数值+12% · 单命永久	主题	无	“茴字有四种写法”的读书人典故。
★4	汉堡包	farmersdelight:hamburger	Farmer's Delight	战斗	stable_aim	稳膛（抗击退）	受到击退-20%	稳膛 受到击退-20% · 3分钟	稳膛 受到击退-20% · 8分钟	稳膛 受到击退-20% · 15分钟	稳膛 受到击退-20% · 30分钟	稳膛 受到击退-20% · 单命永久	主题	无	厚重肉菜（效果池点名）。 非厨锅出品（工作台）：需要调味台“掌勺”入口才能出品质（待拍板），否则只能做出家常。
★4	牧羊人派	farmersdelight:shepherds_pie_block	Farmer's Delight	战斗	vitality	体魄（生命上限）	生命上限+6%基础血(+4.8HP)	体魄 生命上限+6%基础血(+4.8HP) · 3分钟	体魄 生命上限+6%基础血(+4.8HP) · 8分钟	体魄 生命上限+6%基础血(+4.8HP) · 15分钟	体魄 生命上限+6%基础血(+4.8HP) · 30分钟	体魄 生命上限+6%基础血(+4.8HP) · 单命永久（盛宴仅第一份）	主题	滋养5分	带滋养的大份肉菜盛宴。滋养5分保持。 盛宴/拼盘：出份物品经NBT继承本菜的效果、星级、品质；只有第一份算永久，其余份按超凡30分钟（待拍板）。 非厨锅出品（工作台·盛宴）：需要调味台“掌勺”入口才能出品质（待拍板），否则只能做出家常。
★4	甜浆果芝士派	farmersdelight:sweet_berry_cheesecake	Farmer's Delight	探索	surefoot	踏实（地形减速抵消）	脱战地形减速抵消30%+细雪不冻伤	踏实 脱战地形减速抵消30%+细雪不冻伤 · 3分钟	踏实 脱战地形减速抵消30%+细雪不冻伤 · 8分钟	踏实 脱战地形减速抵消30%+细雪不冻伤 · 15分钟	踏实 脱战地形减速抵消30%+细雪不冻伤 · 30分钟	踏实 脱战地形减速抵消30%+细雪不冻伤 · 单命永久（盛宴仅第一份）	原效果	速度 30s	原速度30s保持I级；甜浆果丛正好在踏实范围内。 盛宴/拼盘：出份物品经NBT继承本菜的效果、星级、品质；只有第一份算永久，其余份按超凡30分钟（待拍板）。 非厨锅出品（工作台·盛宴）：需要调味台“掌勺”入口才能出品质（待拍板），否则只能做出家常。
★4	远古守卫者沙拉卷	oceansdelight:cabbage_wrapped_elder_guardian	Ocean's Delight	战斗	bittersweet	回甘（负面缩短）	新受原版负面时长-20%，生效时清1个	回甘 新受原版负面时长-20%，生效时清1个 · 3分钟	回甘 新受原版负面时长-20%，生效时清1个 · 8分钟	回甘 新受原版负面时长-20%，生效时清1个 · 15分钟	回甘 新受原版负面时长-20%，生效时清1个 · 30分钟	回甘 新受原版负面时长-20%，生效时清1个 · 单命永久	食材	舒适30s	远古守卫者给挖掘疲劳，吃了反而抗负面。舒适30s保持。 非厨锅出品（工作台）：需要调味台“掌勺”入口才能出品质（待拍板），否则只能做出家常。
★3	火腿奶酪三明治	brewinandchewin:ham_and_cheese_sandwich	Brewin' and Chewin'	增益	pairing	佐餐（酿酒师联动）	酿酒师限时饮品时长+10%	佐餐 酿酒师限时饮品时长+10% · 3分钟	佐餐 酿酒师限时饮品时长+10% · 8分钟	佐餐 酿酒师限时饮品时长+10% · 15分钟	佐餐 酿酒师限时饮品时长+10% · 30分钟	佐餐 酿酒师限时饮品时长+10% · 单命永久	主题	无	酒馆的火腿芝士下酒小食。 非厨锅出品（工作台）：需要调味台“掌勺”入口才能出品质（待拍板），否则只能做出家常。
★3	蔬菜煎蛋卷	brewinandchewin:vegetable_omelet	Brewin' and Chewin'	增益	harvest_bounty	丰收（作物额外产出）	收获成熟作物额外+1几率5%	丰收 收获成熟作物额外+1几率5% · 3分钟	丰收 收获成熟作物额外+1几率5% · 8分钟	丰收 收获成熟作物额外+1几率5% · 15分钟	丰收 收获成熟作物额外+1几率5% · 30分钟	丰收 收获成熟作物额外+1几率5% · 单命永久	食材	滋养3分	洋葱、胡萝卜、鸡蛋的田园菜。滋养3分保持。
★3	河北正宗安徽牛肉板面	casualness_delight:beef_noodles	Casualness Delight	增益	job_mastery	精进（职业经验）	所有职业经验+4%	精进 所有职业经验+4% · 3分钟	精进 所有职业经验+4% · 8分钟	精进 所有职业经验+4% · 15分钟	精进 所有职业经验+4% · 30分钟	精进 所有职业经验+4% · 单命永久	主题	滋养3分	打工人快餐梗，对应“上班涨经验”。滋养3分保持。
★3	幻翼泡芙	casualness_delight:phantom_puff	Casualness Delight	探索	featherfall	轻羽（摔落减伤+潜行缓降）	摔落伤害-25%	轻羽 摔落伤害-25% · 3分钟	轻羽 摔落伤害-25% · 8分钟	轻羽 摔落伤害-25% · 15分钟	轻羽 摔落伤害-25% · 30分钟	轻羽 摔落伤害-25% · 单命永久	原效果	缓降 40s	原缓降40s保持（机动类I级不削）。
★3	Coconut Pudding(英)	crabbersdelight:coconut_pudding	Crabber's Delight	探索	climber	攀爬（攀爬速度）	脱战攀爬速度+20%	攀爬 脱战攀爬速度+20% · 3分钟	攀爬 脱战攀爬速度+20% · 8分钟	攀爬 脱战攀爬速度+20% · 15分钟	攀爬 脱战攀爬速度+20% · 30分钟	攀爬 脱战攀爬速度+20% · 单命永久	主题	无	椰子要爬上椰树才摘得到。
★3	法式贝类浓汤	crabbersdelight:bisque	Crabber's Delight	战斗	hearty_shield	披甲（黄心护盾）	黄心护盾4%基准血(约3.2点)，脱战10秒补满	披甲 黄心护盾4%基准血(约3.2点)，脱战10秒补满 · 3分钟	披甲 黄心护盾4%基准血(约3.2点)，脱战10秒补满 · 8分钟	披甲 黄心护盾4%基准血(约3.2点)，脱战10秒补满 · 15分钟	披甲 黄心护盾4%基准血(约3.2点)，脱战10秒补满 · 30分钟	披甲 黄心护盾4%基准血(约3.2点)，脱战10秒补满 · 单命永久	主题	滋养3分	贝类甲壳→披甲。滋养3分保持。
★3	虾炒饭	crabbersdelight:shrimp_fried_rice	Crabber's Delight	探索	endurance	耐饥（饥饿消耗降低）	饥饿消耗-15%	耐饥 饥饿消耗-15% · 3分钟	耐饥 饥饿消耗-15% · 8分钟	耐饥 饥饿消耗-15% · 15分钟	耐饥 饥饿消耗-15% · 30分钟	耐饥 饥饿消耗-15% · 单命永久	食材	舒适30s	米饭主食。舒适30s保持。
★3	Poached Eggplants(英)	culturaldelights:poached_eggplants	Cultural Delights	增益	harvest_bounty	丰收（作物额外产出）	收获成熟作物额外+1几率5%	丰收 收获成熟作物额外+1几率5% · 3分钟	丰收 收获成熟作物额外+1几率5% · 8分钟	丰收 收获成熟作物额外+1几率5% · 15分钟	丰收 收获成熟作物额外+1几率5% · 30分钟	丰收 收获成熟作物额外+1几率5% · 单命永久	食材	滋养5分	茄子+番茄的蔬菜菜。滋养5分保持。
★3	墨西哥鱼肉卷	culturaldelights:fish_taco	Cultural Delights	战斗	fiery_retort	辣味（近战反击点燃）	被怪物近战命中时20%几率点燃对方3秒	辣味 被怪物近战命中时20%几率点燃对方3秒 · 3分钟	辣味 被怪物近战命中时20%几率点燃对方3秒 · 8分钟	辣味 被怪物近战命中时20%几率点燃对方3秒 · 15分钟	辣味 被怪物近战命中时20%几率点燃对方3秒 · 30分钟	辣味 被怪物近战命中时20%几率点燃对方3秒 · 单命永久	主题	无	墨西哥风味=辣；配方里没有辣料，备选渔获。 非厨锅出品（工作台）：需要调味台“掌勺”入口才能出品质（待拍板），否则只能做出家常。
★3	猪肉卷饼	culturaldelights:pork_wrap	Cultural Delights	增益	magnet	聚宝（拾取范围）	拾取半径+1格	聚宝 拾取半径+1格 · 3分钟	聚宝 拾取半径+1格 · 8分钟	聚宝 拾取半径+1格 · 15分钟	聚宝 拾取半径+1格 · 30分钟	聚宝 拾取半径+1格 · 单命永久	主题	无	手抓卷饼小吃。 非厨锅出品（工作台）：需要调味台“掌勺”入口才能出品质（待拍板），否则只能做出家常。
★3	大树莓冰淇淋	delightful:salmonberry_ice_cream	Delightful	探索	gills	潜鳃（水下呼吸）	水下呼吸	潜鳃 水下呼吸 · 3分钟	潜鳃 水下呼吸 · 8分钟	潜鳃 水下呼吸 · 15分钟	潜鳃 水下呼吸 · 30分钟	潜鳃 水下呼吸 · 单命永久	原效果	水下呼吸 1分	原水下呼吸1分保持。 非厨锅出品（工作台）：需要调味台“掌勺”入口才能出品质（待拍板），否则只能做出家常。
★3	大树莓奶昔	delightful:salmonberry_milkshake	Delightful	探索	gills	潜鳃（水下呼吸）	水下呼吸	潜鳃 水下呼吸 · 3分钟	潜鳃 水下呼吸 · 8分钟	潜鳃 水下呼吸 · 15分钟	潜鳃 水下呼吸 · 30分钟	潜鳃 水下呼吸 · 单命永久	原效果	水下呼吸 30s	原水下呼吸30s保持。 非厨锅出品（工作台）：需要调味台“掌勺”入口才能出品质（待拍板），否则只能做出家常。
★3	抹茶冰淇淋	delightful:matcha_ice_cream	Delightful	探索	heat_ward	镇火（火焰减伤）	火焰/岩浆/燃烧伤害-20%，吃下当刻熄火	镇火 火焰/岩浆/燃烧伤害-20%，吃下当刻熄火 · 3分钟	镇火 火焰/岩浆/燃烧伤害-20%，吃下当刻熄火 · 8分钟	镇火 火焰/岩浆/燃烧伤害-20%，吃下当刻熄火 · 15分钟	镇火 火焰/岩浆/燃烧伤害-20%，吃下当刻熄火 · 30分钟	镇火 火焰/岩浆/燃烧伤害-20%，吃下当刻熄火 · 单命永久	主题	无	冰品消暑。 非厨锅出品（工作台）：需要调味台“掌勺”入口才能出品质（待拍板），否则只能做出家常。
★3	抹茶奶昔	delightful:matcha_milkshake	Delightful	增益	scholar	悟性（原版经验）	经验球数值+10%	悟性 经验球数值+10% · 3分钟	悟性 经验球数值+10% · 8分钟	悟性 经验球数值+10% · 15分钟	悟性 经验球数值+10% · 30分钟	悟性 经验球数值+10% · 单命永久	主题	无	茶/抹茶类→悟性。 非厨锅出品（工作台）：需要调味台“掌勺”入口才能出品质（待拍板），否则只能做出家常。
★3	硬糖棒	delightful:rock_candy	Delightful	增益	prospector	矿运（矿物额外掉落）	天然矿石额外+1几率2%	矿运 天然矿石额外+1几率2% · 3分钟	矿运 天然矿石额外+1几率2% · 8分钟	矿运 天然矿石额外+1几率2% · 15分钟	矿运 天然矿石额外+1几率2% · 30分钟	矿运 天然矿石额外+1几率2% · 单命永久	食材	无	配方用玫瑰石英碎块（效果池点名）。
★3	白菜猪肉水饺	dumplings_delight:pork_cabbage_boiled_dumpling	Dumplings Delight	增益	thrift	惜物（工具耐久）	工具免扣耐久几率10%	惜物 工具免扣耐久几率10% · 3分钟	惜物 工具免扣耐久几率10% · 8分钟	惜物 工具免扣耐久几率10% · 15分钟	惜物 工具免扣耐久几率10% · 30分钟	惜物 工具免扣耐久几率10% · 单命永久	主题	无	“白菜价”的节俭家常馅。
★3	番茄鸡蛋水饺	dumplings_delight:tomato_egg_boiled_dumpling	Dumplings Delight	增益	scholar	悟性（原版经验）	经验球数值+10%	悟性 经验球数值+10% · 3分钟	悟性 经验球数值+10% · 8分钟	悟性 经验球数值+10% · 15分钟	悟性 经验球数值+10% · 30分钟	悟性 经验球数值+10% · 单命永久	补位	无	番茄炒蛋是新手学会的第一道菜。
★3	番茄牛肉水饺	dumplings_delight:beef_tomato_boiled_dumpling	Dumplings Delight	增益	bountiful_pot	多福（做菜多出一份）	做菜多出1份家常品几率5%	多福 做菜多出1份家常品几率5% · 3分钟	多福 做菜多出1份家常品几率5% · 8分钟	多福 做菜多出1份家常品几率5% · 15分钟	多福 做菜多出1份家常品几率5% · 30分钟	多福 做菜多出1份家常品几率5% · 单命永久	补位	无	一锅水饺多下一份。
★3	河豚水饺	dumplings_delight:pufferfish_boiled_dumpling	Dumplings Delight	探索	gills	潜鳃（水下呼吸）	水下呼吸	潜鳃 水下呼吸 · 3分钟	潜鳃 水下呼吸 · 8分钟	潜鳃 水下呼吸 · 15分钟	潜鳃 水下呼吸 · 30分钟	潜鳃 水下呼吸 · 单命永久	原效果	中毒 3s、水下呼吸 3s	原中毒3s、水下呼吸3s：家常保持；厨师出品（各品质相同）中毒减半为1.5s。
★3	胡萝卜猪肉馄饨	dumplings_delight:pork_carrot_wonton	Dumplings Delight	探索	night_sight	夜照（夜视）	夜视+失明/黑暗时长-10%	夜照 夜视+失明/黑暗时长-10% · 3分钟	夜照 夜视+失明/黑暗时长-10% · 8分钟	夜照 夜视+失明/黑暗时长-10% · 15分钟	夜照 夜视+失明/黑暗时长-10% · 30分钟	夜照 夜视+失明/黑暗时长-10% · 单命永久	食材	无	胡萝卜护眼。
★3	蘑菇水饺	dumplings_delight:mushroom_boiled_dumpling	Dumplings Delight	探索	deft_hands	巧手（挖掘速度）	挖掘速度+8%	巧手 挖掘速度+8% · 3分钟	巧手 挖掘速度+8% · 8分钟	巧手 挖掘速度+8% · 15分钟	巧手 挖掘速度+8% · 30分钟	巧手 挖掘速度+8% · 单命永久	主题	无	地下蘑菇当矿工菜。
★3	香菇鸡肉水饺	dumplings_delight:chicken_mushroom_boiled_dumpling	Dumplings Delight	探索	featherfall	轻羽（摔落减伤+潜行缓降）	摔落伤害-25%	轻羽 摔落伤害-25% · 3分钟	轻羽 摔落伤害-25% · 8分钟	轻羽 摔落伤害-25% · 15分钟	轻羽 摔落伤害-25% · 30分钟	轻羽 摔落伤害-25% · 单命永久	食材	无	鸡→羽毛/缓降。
★3	鳕鱼水饺	dumplings_delight:cod_boiled_dumpling	Dumplings Delight	增益	angler	渔获（钓获体型）	钓获体型+0.10σ	渔获 钓获体型+0.10σ · 3分钟	渔获 钓获体型+0.10σ · 8分钟	渔获 钓获体型+0.10σ · 15分钟	渔获 钓获体型+0.10σ · 30分钟	渔获 钓获体型+0.10σ · 单命永久	食材	无	鳕鱼馅。
★3	猪肉海带水饺	dumplings_delight:pork_kelp_boiled_dumpling	Dumplings Delight	战斗	savory_heal	膳香（进食回血）	每吃完一份正餐回复4%基准血(冷却30秒)	膳香 每吃完一份正餐回复4%基准血(冷却30秒) · 3分钟	膳香 每吃完一份正餐回复4%基准血(冷却30秒) · 8分钟	膳香 每吃完一份正餐回复4%基准血(冷却30秒) · 15分钟	膳香 每吃完一份正餐回复4%基准血(冷却30秒) · 30分钟	膳香 每吃完一份正餐回复4%基准血(冷却30秒) · 单命永久	主题	无	【审查改派：潜鳃→膳香】海带排骨汤的滋补意象；潜鳃★3已有3道原效果菜。
★3	猪肉土豆水饺	dumplings_delight:pork_potato_boiled_dumpling	Dumplings Delight	探索	surefoot	踏实（地形减速抵消）	脱战地形减速抵消20%	踏实 脱战地形减速抵消20% · 3分钟	踏实 脱战地形减速抵消20% · 8分钟	踏实 脱战地形减速抵消20% · 15分钟	踏实 脱战地形减速抵消20% · 30分钟	踏实 脱战地形减速抵消20% · 单命永久	主题	无	土豆扎根土里=踏实。
★3	炒饭	farmersdelight:fried_rice	Farmer's Delight	探索	endurance	耐饥（饥饿消耗降低）	饥饿消耗-15%	耐饥 饥饿消耗-15% · 3分钟	耐饥 饥饿消耗-15% · 8分钟	耐饥 饥饿消耗-15% · 15分钟	耐饥 饥饿消耗-15% · 30分钟	耐饥 饥饿消耗-15% · 单命永久	食材	舒适5分	米饭主食（效果池点名）。舒适5分保持。
★3	羊肉卷饼	farmersdelight:mutton_wrap	Farmer's Delight	探索	rider	驭行（坐骑速度）	脱战坐骑移速+9%	驭行 脱战坐骑移速+9% · 3分钟	驭行 脱战坐骑移速+9% · 8分钟	驭行 脱战坐骑移速+9% · 15分钟	驭行 脱战坐骑移速+9% · 30分钟	驭行 脱战坐骑移速+9% · 单命永久	主题	无	游牧的马背干粮。 非厨锅出品（工作台）：需要调味台“掌勺”入口才能出品质（待拍板），否则只能做出家常。
★3	鱿鱼墨面	farmersdelight:squid_ink_pasta	Farmer's Delight	探索	ink_veil	潜踪（怪物发现距离）	怪物发现你的距离-15%	潜踪 怪物发现你的距离-15% · 3分钟	潜踪 怪物发现你的距离-15% · 8分钟	潜踪 怪物发现你的距离-15% · 15分钟	潜踪 怪物发现你的距离-15% · 30分钟	潜踪 怪物发现你的距离-15% · 单命永久	食材	滋养5分	用了墨囊（效果池点名）。滋养5分保持。
★3	Cooked Stuffed Cod(英)	oceansdelight:cooked_stuffed_cod	Ocean's Delight	增益	angler	渔获（钓获体型）	钓获体型+0.10σ	渔获 钓获体型+0.10σ · 3分钟	渔获 钓获体型+0.10σ · 8分钟	渔获 钓获体型+0.10σ · 15分钟	渔获 钓获体型+0.10σ · 30分钟	渔获 钓获体型+0.10σ · 单命永久	食材	无	整条鳕鱼做的鱼料理。 非厨锅出品（工作台→营火/烟熏炉）：需要调味台“掌勺”入口才能出品质（待拍板），否则只能做出家常。
★3	远古守卫者寿司	oceansdelight:elder_guardian_roll	Ocean's Delight	战斗	last_stand	坚守（低血减伤窗口）	血量<25%时开20%减伤窗口2秒，冷却150秒	坚守 血量<25%时开20%减伤窗口2秒，冷却150秒 · 3分钟	坚守 血量<25%时开20%减伤窗口2秒，冷却150秒 · 8分钟	坚守 血量<25%时开20%减伤窗口2秒，冷却150秒 · 15分钟	坚守 血量<25%时开20%减伤窗口2秒，冷却150秒 · 30分钟	坚守 血量<25%时开20%减伤窗口2秒，冷却150秒 · 单命永久	主题	无	守卫者→坚守；需4片生远古守卫者肉。备选回甘。 非厨锅出品（工作台）：需要调味台“掌勺”入口才能出品质（待拍板），否则只能做出家常。
★3	奶油洋葱汤	brewinandchewin:creamy_onion_soup	Brewin' and Chewin'	战斗	bittersweet	回甘（负面缩短）	新受原版负面时长-16%，生效时清1个	回甘 新受原版负面时长-16%，生效时清1个 · 3分钟	回甘 新受原版负面时长-16%，生效时清1个 · 8分钟	回甘 新受原版负面时长-16%，生效时清1个 · 15分钟	回甘 新受原版负面时长-16%，生效时清1个 · 30分钟	回甘 新受原版负面时长-16%，生效时清1个 · 单命永久	主题	舒适3分	经典醒酒汤，又出自酿酒模组。舒适3分保持。
★3	大炸饺	casualness_delight:fried_dumpling	Casualness Delight	战斗	grease	凝脂（爆炸减伤）	爆炸伤害-12%	凝脂 爆炸伤害-12% · 3分钟	凝脂 爆炸伤害-12% · 8分钟	凝脂 爆炸伤害-12% · 15分钟	凝脂 爆炸伤害-12% · 30分钟	凝脂 爆炸伤害-12% · 单命永久	主题	滋养3分	炸物（效果池点名）。也是盘装大炸饺的出份，从盘里取出的按NBT给凝脂★4。滋养3分保持。 非厨锅出品（工作台→炸锅(随性乐事)）：需要调味台“掌勺”入口才能出品质（待拍板），否则只能做出家常。
★3	幻翼饺子	casualness_delight:phantom_dumplings	Casualness Delight	探索	featherfall	轻羽（摔落减伤+潜行缓降）	摔落伤害-25%	轻羽 摔落伤害-25% · 3分钟	轻羽 摔落伤害-25% · 8分钟	轻羽 摔落伤害-25% · 15分钟	轻羽 摔落伤害-25% · 30分钟	轻羽 摔落伤害-25% · 单命永久	原效果	缓降 1分	原缓降1分保持。
★3	绿舌头雪糕	casualness_delight:green_tongue	Casualness Delight	探索	spring_step	弹步（脱战跳跃+登阶）	脱战起跳+10%	弹步 脱战起跳+10% · 3分钟	弹步 脱战起跳+10% · 8分钟	弹步 脱战起跳+10% · 15分钟	弹步 脱战起跳+10% · 30分钟	弹步 脱战起跳+10% · 单命永久	原效果	⚠抗火 8s、跳跃提升 III 15s	原抗火8s保持；跳跃提升III→家常I级15s，跳跃不可增香。 非厨锅出品（工作台）：需要调味台“掌勺”入口才能出品质（待拍板），否则只能做出家常。
★3	蛤蜊浓汤	crabbersdelight:clam_chowder	Crabber's Delight	增益	bountiful_pot	多福（做菜多出一份）	做菜多出1份家常品几率5%	多福 做菜多出1份家常品几率5% · 3分钟	多福 做菜多出1份家常品几率5% · 8分钟	多福 做菜多出1份家常品几率5% · 15分钟	多福 做菜多出1份家常品几率5% · 30分钟	多福 做菜多出1份家常品几率5% · 单命永久	主题	舒适3分	蛤蜊锅菜。舒适3分保持。
★3	青蛙腿烤串	crabbersdelight:frog_leg_kebob	Crabber's Delight	战斗	victory_feast	饱餐（击杀回血）	击杀敌对生物回复3%基准血(冷却2秒)	饱餐 击杀敌对生物回复3%基准血(冷却2秒) · 3分钟	饱餐 击杀敌对生物回复3%基准血(冷却2秒) · 8分钟	饱餐 击杀敌对生物回复3%基准血(冷却2秒) · 15分钟	饱餐 击杀敌对生物回复3%基准血(冷却2秒) · 30分钟	饱餐 击杀敌对生物回复3%基准血(冷却2秒) · 单命永久	主题	无	烤串类（效果池点名）。 非厨锅出品（工作台）：需要调味台“掌勺”入口才能出品质（待拍板），否则只能做出家常。
★3	饭团	culturaldelights:rice_ball	Cultural Delights	探索	wayfarer	赶路（脱战移速）	脱战移速+5%	赶路 脱战移速+5% · 3分钟	赶路 脱战移速+5% · 8分钟	赶路 脱战移速+5% · 15分钟	赶路 脱战移速+5% · 30分钟	赶路 脱战移速+5% · 单命永久	主题	无	饭团是出门赶路的干粮。 非厨锅出品（工作台）：需要调味台“掌勺”入口才能出品质（待拍板），否则只能做出家常。
★3	鸡肉寿司	culturaldelights:chicken_roll	Cultural Delights	增益	anvil_thrift	匠心（铁砧省经验）	铁砧等级花费-10%	匠心 铁砧等级花费-10% · 3分钟	匠心 铁砧等级花费-10% · 8分钟	匠心 铁砧等级花费-10% · 15分钟	匠心 铁砧等级花费-10% · 30分钟	匠心 铁砧等级花费-10% · 单命永久	主题	无	寿司职人=匠心。 非厨锅出品（工作台）：需要调味台“掌勺”入口才能出品质（待拍板），否则只能做出家常。
★3	热带鱼寿司	culturaldelights:tropical_roll	Cultural Delights	增益	iron_stomach	铁胃（食物负面缩短）	进食所附负面时长-40%	铁胃 进食所附负面时长-40% · 3分钟	铁胃 进食所附负面时长-40% · 8分钟	铁胃 进食所附负面时长-40% · 15分钟	铁胃 进食所附负面时长-40% · 30分钟	铁胃 进食所附负面时长-40% · 单命永久	主题	无	敢吃生热带鱼=铁胃。也是热带寿司拼盘的出份，从拼盘取出的按NBT给铁胃★6。 非厨锅出品（工作台）：需要调味台“掌勺”入口才能出品质（待拍板），否则只能做出家常。
★3	鱿鱼寿司	culturaldelights:calamari_roll	Cultural Delights	探索	ink_veil	潜踪（怪物发现距离）	怪物发现你的距离-15%	潜踪 怪物发现你的距离-15% · 3分钟	潜踪 怪物发现你的距离-15% · 8分钟	潜踪 怪物发现你的距离-15% · 15分钟	潜踪 怪物发现你的距离-15% · 30分钟	潜踪 怪物发现你的距离-15% · 单命永久	食材	无	鱿鱼系（效果池点名）。 非厨锅出品（工作台）：需要调味台“掌勺”入口才能出品质（待拍板），否则只能做出家常。
★3	菲律宾酸汤	delightful:sinigang	Delightful	战斗	beast_ward	驱兽（对怪减伤）	受非玩家生物伤害-8%(精英减半)	驱兽 受非玩家生物伤害-8%(精英减半) · 3分钟	驱兽 受非玩家生物伤害-8%(精英减半) · 8分钟	驱兽 受非玩家生物伤害-8%(精英减半) · 15分钟	驱兽 受非玩家生物伤害-8%(精英减半) · 30分钟	驱兽 受非玩家生物伤害-8%(精英减半) · 单命永久	主题	舒适3分	舒适类炖汤→驱兽。舒适3分保持。
★3	抹茶拿铁	delightful:matcha_latte	Delightful	战斗	emergency_mend	回春（低血急救）	血量<35%时急救回复6%基准血，冷却180秒	回春 血量<35%时急救回复6%基准血，冷却180秒 · 3分钟	回春 血量<35%时急救回复6%基准血，冷却180秒 · 8分钟	回春 血量<35%时急救回复6%基准血，冷却180秒 · 15分钟	回春 血量<35%时急救回复6%基准血，冷却180秒 · 30分钟	回春 血量<35%时急救回复6%基准血，冷却180秒 · 单命永久	原效果	⚠瞬间治疗	原瞬间治疗→家常生命恢复I 5s，不再瞬回，不可增香。
★3	甜瓜面包	delightful:cantaloupe_bread	Delightful	战斗	steady_body	稳身（受伤减免）	全来源受伤减免2%	稳身 全来源受伤减免2% · 3分钟	稳身 全来源受伤减免2% · 8分钟	稳身 全来源受伤减免2% · 15分钟	稳身 全来源受伤减免2% · 30分钟	稳身 全来源受伤减免2% · 单命永久	原效果	⚠抗性提升 15s	原抗性提升15s→家常抗性I 8s，计入60秒食物战斗增益冷却，不可增香。 非厨锅出品（工作台）：需要调味台“掌勺”入口才能出品质（待拍板），否则只能做出家常。
★3	韭菜鸡蛋水饺	dumplings_delight:garlic_chive_egg_boiled_dumpling	Dumplings Delight	增益	green_thumb	沃土（作物加速生长）	半径4格作物生长+10%	沃土 半径4格作物生长+10% · 3分钟	沃土 半径4格作物生长+10% · 8分钟	沃土 半径4格作物生长+10% · 15分钟	沃土 半径4格作物生长+10% · 30分钟	沃土 半径4格作物生长+10% · 单命永久	食材	无	韭菜割一茬又长一茬。
★3	蒲公英水饺	dumplings_delight:dandelion_leaf_boiled_dumpling	Dumplings Delight	战斗	lingering_regen	余韵（缓慢回血）	每10秒回复0.75%基准血	余韵 每10秒回复0.75%基准血 · 3分钟	余韵 每10秒回复0.75%基准血 · 8分钟	余韵 每10秒回复0.75%基准血 · 15分钟	余韵 每10秒回复0.75%基准血 · 30分钟	余韵 每10秒回复0.75%基准血 · 单命永久	原效果	生命恢复 3s	原生命恢复3s保持（只刷新不叠加）。
★3	发光浆果蛋奶沙司	farmersdelight:glow_berry_custard	Farmer's Delight	探索	hunter_sight	察敌（怪物高亮）	10格内敌对生物仅对你高亮	察敌 10格内敌对生物仅对你高亮 · 3分钟	察敌 10格内敌对生物仅对你高亮 · 8分钟	察敌 10格内敌对生物仅对你高亮 · 15分钟	察敌 10格内敌对生物仅对你高亮 · 30分钟	察敌 10格内敌对生物仅对你高亮 · 单命永久	原效果	发光 5s	原自身发光5s：家常保持；厨师出品（各品质相同）去掉自身发光，反过来让怪物对你发光。
★3	饺子	farmersdelight:dumplings	Farmer's Delight	增益	good_fortune	好彩（幸运）	幸运+0.75	好彩 幸运+0.75 · 3分钟	好彩 幸运+0.75 · 8分钟	好彩 幸运+0.75 · 15分钟	好彩 幸运+0.75 · 30分钟	好彩 幸运+0.75 · 单命永久	主题	无	饺子形似元宝。
★3	烤羊排	farmersdelight:roasted_mutton_chops	Farmer's Delight	战斗	vitality	体魄（生命上限）	生命上限+5%基础血(+4HP)	体魄 生命上限+5%基础血(+4HP) · 3分钟	体魄 生命上限+5%基础血(+4HP) · 8分钟	体魄 生命上限+5%基础血(+4HP) · 15分钟	体魄 生命上限+5%基础血(+4HP) · 30分钟	体魄 生命上限+5%基础血(+4HP) · 单命永久	主题	滋养5分	带滋养的大份肉菜。滋养5分保持。 非厨锅出品（工作台）：需要调味台“掌勺”入口才能出品质（待拍板），否则只能做出家常。
★3	面条汤	farmersdelight:noodle_soup	Farmer's Delight	战斗	savory_heal	膳香（进食回血）	每吃完一份正餐回复4%基准血(冷却30秒)	膳香 每吃完一份正餐回复4%基准血(冷却30秒) · 3分钟	膳香 每吃完一份正餐回复4%基准血(冷却30秒) · 8分钟	膳香 每吃完一份正餐回复4%基准血(冷却30秒) · 15分钟	膳香 每吃完一份正餐回复4%基准血(冷却30秒) · 30分钟	膳香 每吃完一份正餐回复4%基准血(冷却30秒) · 单命永久	主题	舒适5分	热汤面=病号饭。舒适5分保持。
★3	牛排配土豆	farmersdelight:steak_and_potatoes	Farmer's Delight	战斗	stable_aim	稳膛（抗击退）	受到击退-16%	稳膛 受到击退-16% · 3分钟	稳膛 受到击退-16% · 8分钟	稳膛 受到击退-16% · 15分钟	稳膛 受到击退-16% · 30分钟	稳膛 受到击退-16% · 单命永久	主题	滋养3分	厚重肉菜（效果池点名）。滋养3分保持。 非厨锅出品（工作台）：需要调味台“掌勺”入口才能出品质（待拍板），否则只能做出家常。
★3	肉丸意面	farmersdelight:pasta_with_meatballs	Farmer's Delight	战斗	vitality	体魄（生命上限）	生命上限+5%基础血(+4HP)	体魄 生命上限+5%基础血(+4HP) · 3分钟	体魄 生命上限+5%基础血(+4HP) · 8分钟	体魄 生命上限+5%基础血(+4HP) · 15分钟	体魄 生命上限+5%基础血(+4HP) · 30分钟	体魄 生命上限+5%基础血(+4HP) · 单命永久	主题	滋养3分	牛肉馅肉菜。滋养3分保持。
★3	蔬菜面	farmersdelight:vegetable_noodles	Farmer's Delight	增益	green_thumb	沃土（作物加速生长）	半径4格作物生长+10%	沃土 半径4格作物生长+10% · 3分钟	沃土 半径4格作物生长+10% · 8分钟	沃土 半径4格作物生长+10% · 15分钟	沃土 半径4格作物生长+10% · 30分钟	沃土 半径4格作物生长+10% · 单命永久	食材	滋养5分	蔬菜面（效果池点名）。滋养5分保持。
★3	羊排意面	farmersdelight:pasta_with_mutton_chop	Farmer's Delight	增益	butcher	庖丁（牲畜额外掉肉）	宰杀牲畜额外+1肉/皮几率10%	庖丁 宰杀牲畜额外+1肉/皮几率10% · 3分钟	庖丁 宰杀牲畜额外+1肉/皮几率10% · 8分钟	庖丁 宰杀牲畜额外+1肉/皮几率10% · 15分钟	庖丁 宰杀牲畜额外+1肉/皮几率10% · 30分钟	庖丁 宰杀牲畜额外+1肉/皮几率10% · 单命永久	食材	滋养3分	羊肉菜。滋养3分保持。
★3	鸡蛋汉堡	moredelight:hamburger_with_egg	More Delight	战斗	stable_aim	稳膛（抗击退）	受到击退-16%	稳膛 受到击退-16% · 3分钟	稳膛 受到击退-16% · 8分钟	稳膛 受到击退-16% · 15分钟	稳膛 受到击退-16% · 30分钟	稳膛 受到击退-16% · 单命永久	主题	无	汉堡包→稳膛。 非厨锅出品（工作台）：需要调味台“掌勺”入口才能出品质（待拍板），否则只能做出家常。
★3	奶酪汉堡	moredelight:hamburger_with_cheese	More Delight	战斗	hunter_edge	猎手（对怪增伤）	对非玩家生物伤害+5%(精英除外)	猎手 对非玩家生物伤害+5%(精英除外) · 3分钟	猎手 对非玩家生物伤害+5%(精英除外) · 8分钟	猎手 对非玩家生物伤害+5%(精英除外) · 15分钟	猎手 对非玩家生物伤害+5%(精英除外) · 30分钟	猎手 对非玩家生物伤害+5%(精英除外) · 单命永久	主题	无	和芝士汉堡（力量→猎手）同方向；本版本无原效果。 非厨锅出品（工作台）：需要调味台“掌勺”入口才能出品质（待拍板），否则只能做出家常。
★3	奶油火腿意面	moredelight:creamy_pasta_with_ham	More Delight	战斗	hearty_shield	披甲（黄心护盾）	黄心护盾4%基准血(约3.2点)，脱战10秒补满	披甲 黄心护盾4%基准血(约3.2点)，脱战10秒补满 · 3分钟	披甲 黄心护盾4%基准血(约3.2点)，脱战10秒补满 · 8分钟	披甲 黄心护盾4%基准血(约3.2点)，脱战10秒补满 · 15分钟	披甲 黄心护盾4%基准血(约3.2点)，脱战10秒补满 · 30分钟	披甲 黄心护盾4%基准血(约3.2点)，脱战10秒补满 · 单命永久	补位	滋养3分	油润肉菜，补第二道披甲。滋养3分保持。
★3	奶油鸡肉意面	moredelight:creamy_pasta_with_chicken_cuts	More Delight	战斗	lingering_regen	余韵（缓慢回血）	每10秒回复0.75%基准血	余韵 每10秒回复0.75%基准血 · 3分钟	余韵 每10秒回复0.75%基准血 · 8分钟	余韵 每10秒回复0.75%基准血 · 15分钟	余韵 每10秒回复0.75%基准血 · 30分钟	余韵 每10秒回复0.75%基准血 · 单命永久	补位	滋养3分	鸡肉滋补。滋养3分保持。
★3	兔肉煲	minecraft:rabbit_stew	原版(配方来自FD/Delightful)	增益	butcher	庖丁（牲畜额外掉肉）	宰杀牲畜额外+1肉/皮几率10%	庖丁 宰杀牲畜额外+1肉/皮几率10% · 3分钟	庖丁 宰杀牲畜额外+1肉/皮几率10% · 8分钟	庖丁 宰杀牲畜额外+1肉/皮几率10% · 15分钟	庖丁 宰杀牲畜额外+1肉/皮几率10% · 30分钟	庖丁 宰杀牲畜额外+1肉/皮几率10% · 单命永久	食材	无	效果池点名。
★2	春卷	casualness_delight:spring_roll	Casualness Delight	战斗	grease	凝脂（爆炸减伤）	爆炸伤害-9%	凝脂 爆炸伤害-9% · 3分钟	凝脂 爆炸伤害-9% · 8分钟	凝脂 爆炸伤害-9% · 15分钟	凝脂 爆炸伤害-9% · 30分钟	凝脂 爆炸伤害-9% · 单命永久	主题	滋养30s	炸物。也是春卷拼盘的出份，从拼盘取出的按NBT给凝脂★4。滋养30s保持。 非厨锅出品（工作台→炸锅(随性乐事)）：需要调味台“掌勺”入口才能出品质（待拍板），否则只能做出家常。
★2	大辣片	casualness_delight:spicy_strips	Casualness Delight	探索	deft_hands	巧手（挖掘速度）	挖掘速度+6%	巧手 挖掘速度+6% · 3分钟	巧手 挖掘速度+6% · 8分钟	巧手 挖掘速度+6% · 15分钟	巧手 挖掘速度+6% · 30分钟	巧手 挖掘速度+6% · 单命永久	原效果	⚠腐坏(模组自定义) 1分、急迫 II 30s	原急迫II 30s、腐坏1分：家常急迫降为I级30s，腐坏保持；厨师出品（各品质相同）腐坏减半为30s；急迫不可增香。
★2	炸鱼薯条	casualness_delight:fish_and_chips	Casualness Delight	战斗	grease	凝脂（爆炸减伤）	爆炸伤害-9%	凝脂 爆炸伤害-9% · 3分钟	凝脂 爆炸伤害-9% · 8分钟	凝脂 爆炸伤害-9% · 15分钟	凝脂 爆炸伤害-9% · 30分钟	凝脂 爆炸伤害-9% · 单命永久	主题	舒适5分	炸物（渔获★2已有3道）。舒适5分保持。
★2	海陆大餐	crabbersdelight:surf_and_turf	Crabber's Delight	战斗	stable_aim	稳膛（抗击退）	受到击退-12%	稳膛 受到击退-12% · 3分钟	稳膛 受到击退-12% · 8分钟	稳膛 受到击退-12% · 15分钟	稳膛 受到击退-12% · 30分钟	稳膛 受到击退-12% · 单命永久	主题	滋养5分	厚重肉菜（效果池点名）。滋养5分保持。 非厨锅出品（工作台）：需要调味台“掌勺”入口才能出品质（待拍板），否则只能做出家常。
★2	填馅鹦鹉螺	crabbersdelight:stuffed_nautilus_shell	Crabber's Delight	战斗	hearty_shield	披甲（黄心护盾）	黄心护盾3%基准血(约2.4点)，脱战10秒补满	披甲 黄心护盾3%基准血(约2.4点)，脱战10秒补满 · 3分钟	披甲 黄心护盾3%基准血(约2.4点)，脱战10秒补满 · 8分钟	披甲 黄心护盾3%基准血(约2.4点)，脱战10秒补满 · 15分钟	披甲 黄心护盾3%基准血(约2.4点)，脱战10秒补满 · 30分钟	披甲 黄心护盾3%基准血(约2.4点)，脱战10秒补满 · 单命永久	食材	滋养3分	鹦鹉螺壳=甲壳。滋养3分保持。
★2	鱿鱼烤串	crabbersdelight:squid_kebob	Crabber's Delight	战斗	victory_feast	饱餐（击杀回血）	击杀敌对生物回复2.5%基准血(冷却2秒)	饱餐 击杀敌对生物回复2.5%基准血(冷却2秒) · 3分钟	饱餐 击杀敌对生物回复2.5%基准血(冷却2秒) · 8分钟	饱餐 击杀敌对生物回复2.5%基准血(冷却2秒) · 15分钟	饱餐 击杀敌对生物回复2.5%基准血(冷却2秒) · 30分钟	饱餐 击杀敌对生物回复2.5%基准血(冷却2秒) · 单命永久	主题	无	【审查补漏】原分配JSON漏掉的一道；烤串类，和效果池建议一致。 非厨锅出品（工作台）：需要调味台“掌勺”入口才能出品质（待拍板），否则只能做出家常。
★2	河豚寿司	culturaldelights:pufferfish_roll	Cultural Delights	增益	iron_stomach	铁胃（食物负面缩短）	进食所附负面时长-30%	铁胃 进食所附负面时长-30% · 3分钟	铁胃 进食所附负面时长-30% · 8分钟	铁胃 进食所附负面时长-30% · 15分钟	铁胃 进食所附负面时长-30% · 30分钟	铁胃 进食所附负面时长-30% · 单命永久	原效果	反胃 10s、饥饿 II 10s	原反胃10s、饥饿II 10s：家常保持（负面不受I级封顶）；厨师出品（各品质相同）减半为5s/5s，本菜自带的铁胃不对本次进食二次缩短。与oceansdelight:fugu_roll同名，按物品ID区分。也是热带寿司拼盘出份，从拼盘取出的按NBT给铁胃★6。 非厨锅出品（工作台）：需要调味台“掌勺”入口才能出品质（待拍板），否则只能做出家常。
★2	煎蛋寿司	culturaldelights:egg_roll	Cultural Delights	增益	job_mastery	精进（职业经验）	所有职业经验+3%	精进 所有职业经验+3% · 3分钟	精进 所有职业经验+3% · 8分钟	精进 所有职业经验+3% · 15分钟	精进 所有职业经验+3% · 30分钟	精进 所有职业经验+3% · 单命永久	主题	无	玉子烧看师傅功夫。 非厨锅出品（工作台）：需要调味台“掌勺”入口才能出品质（待拍板），否则只能做出家常。
★2	羊肉三明治	culturaldelights:mutton_sandwich	Cultural Delights	探索	spring_step	弹步（脱战跳跃+登阶）	脱战起跳+8%	弹步 脱战起跳+8% · 3分钟	弹步 脱战起跳+8% · 8分钟	弹步 脱战起跳+8% · 15分钟	弹步 脱战起跳+8% · 30分钟	弹步 脱战起跳+8% · 单命永久	食材	无	山羊会高跳。 非厨锅出品（工作台）：需要调味台“掌勺”入口才能出品质（待拍板），否则只能做出家常。
★2	发光果酱曲奇	delightful:glow_jam_cookie	Delightful	探索	night_sight	夜照（夜视）	夜视+失明/黑暗时长-5%	夜照 夜视+失明/黑暗时长-5% · 3分钟	夜照 夜视+失明/黑暗时长-5% · 8分钟	夜照 夜视+失明/黑暗时长-5% · 15分钟	夜照 夜视+失明/黑暗时长-5% · 30分钟	夜照 夜视+失明/黑暗时长-5% · 单命永久	食材	无	发光浆果（效果池点名）。 非厨锅出品（工作台）：需要调味台“掌勺”入口才能出品质（待拍板），否则只能做出家常。
★2	坚果酱瓶	delightful:nut_butter_bottle	Delightful	增益	anvil_thrift	匠心（铁砧省经验）	铁砧等级花费-8%	匠心 铁砧等级花费-8% · 3分钟	匠心 铁砧等级花费-8% · 8分钟	匠心 铁砧等级花费-8% · 15分钟	匠心 铁砧等级花费-8% · 30分钟	匠心 铁砧等级花费-8% · 单命永久	主题	无	坚果类（效果池点名）。
★2	甜瓜冰棍	delightful:cantaloupe_popsicle	Delightful	战斗	steady_body	稳身（受伤减免）	全来源受伤减免1.5%	稳身 全来源受伤减免1.5% · 3分钟	稳身 全来源受伤减免1.5% · 8分钟	稳身 全来源受伤减免1.5% · 15分钟	稳身 全来源受伤减免1.5% · 30分钟	稳身 全来源受伤减免1.5% · 单命永久	原效果	⚠抗性提升 30s	原抗性提升30s→家常抗性I 8s，计入60秒食物战斗增益冷却，不可增香。 非厨锅出品（工作台）：需要调味台“掌勺”入口才能出品质（待拍板），否则只能做出家常。
★2	仙人掌汤	delightful:cactus_soup	Delightful	探索	rider	驭行（坐骑速度）	脱战坐骑移速+7%	驭行 脱战坐骑移速+7% · 3分钟	驭行 脱战坐骑移速+7% · 8分钟	驭行 脱战坐骑移速+7% · 15分钟	驭行 脱战坐骑移速+7% · 30分钟	驭行 脱战坐骑移速+7% · 单命永久	食材	舒适3分	骆驼吃仙人掌，沙漠骑行。舒适3分保持。
★2	薰衣草茶	delightful:lavender_tea	Delightful	增益	scholar	悟性（原版经验）	经验球数值+8%	悟性 经验球数值+8% · 3分钟	悟性 经验球数值+8% · 8分钟	悟性 经验球数值+8% · 15分钟	悟性 经验球数值+8% · 30分钟	悟性 经验球数值+8% · 单命永久	主题	舒适30s	茶类（效果池点名）。舒适30s保持。
★2	鲑鱼水饺	dumplings_delight:salmon_boiled_dumpling	Dumplings Delight	增益	good_fortune	好彩（幸运）	幸运+0.5	好彩 幸运+0.5 · 3分钟	好彩 幸运+0.5 · 8分钟	好彩 幸运+0.5 · 15分钟	好彩 幸运+0.5 · 30分钟	好彩 幸运+0.5 · 单命永久	主题	无	饺子像元宝，“鱼”谐音“余”。
★2	羊肉水饺	dumplings_delight:mutton_boiled_dumpling	Dumplings Delight	探索	spring_step	弹步（脱战跳跃+登阶）	脱战起跳+8%	弹步 脱战起跳+8% · 3分钟	弹步 脱战起跳+8% · 8分钟	弹步 脱战起跳+8% · 15分钟	弹步 脱战起跳+8% · 30分钟	弹步 脱战起跳+8% · 单命永久	食材	无	山羊高跳。
★2	海带寿司卷	farmersdelight:kelp_roll	Farmer's Delight	探索	gills	潜鳃（水下呼吸）	水下耗氧-50%	潜鳃 水下耗氧-50% · 3分钟	潜鳃 水下耗氧-50% · 8分钟	潜鳃 水下耗氧-50% · 15分钟	潜鳃 水下耗氧-50% · 30分钟	潜鳃 水下耗氧-50% · 单命永久	食材	无	海带。 非厨锅出品（工作台）：需要调味台“掌勺”入口才能出品质（待拍板），否则只能做出家常。
★2	烘焙鳕鱼炖	farmersdelight:baked_cod_stew	Farmer's Delight	增益	bountiful_pot	多福（做菜多出一份）	做菜多出1份家常品几率4%	多福 做菜多出1份家常品几率4% · 3分钟	多福 做菜多出1份家常品几率4% · 8分钟	多福 做菜多出1份家常品几率4% · 15分钟	多福 做菜多出1份家常品几率4% · 30分钟	多福 做菜多出1份家常品几率4% · 单命永久	主题	舒适5分	一大锅焗烤炖菜。舒适5分保持。
★2	鸡肉三明治	farmersdelight:chicken_sandwich	Farmer's Delight	增益	thrift	惜物（工具耐久）	工具免扣耐久几率8%	惜物 工具免扣耐久几率8% · 3分钟	惜物 工具免扣耐久几率8% · 8分钟	惜物 工具免扣耐久几率8% · 15分钟	惜物 工具免扣耐久几率8% · 30分钟	惜物 工具免扣耐久几率8% · 单命永久	主题	无	三明治类（效果池点名）。 非厨锅出品（工作台）：需要调味台“掌勺”入口才能出品质（待拍板），否则只能做出家常。
★2	蘑菇饭	farmersdelight:mushroom_rice	Farmer's Delight	增益	prospector	矿运（矿物额外掉落）	天然矿石额外+1几率1.5%	矿运 天然矿石额外+1几率1.5% · 3分钟	矿运 天然矿石额外+1几率1.5% · 8分钟	矿运 天然矿石额外+1几率1.5% · 15分钟	矿运 天然矿石额外+1几率1.5% · 30分钟	矿运 天然矿石额外+1几率1.5% · 单命永久	食材	滋养3分	蘑菇长在地下矿洞。滋养3分保持。
★2	南瓜汤	farmersdelight:pumpkin_soup	Farmer's Delight	战斗	beast_ward	驱兽（对怪减伤）	受非玩家生物伤害-6%(精英减半)	驱兽 受非玩家生物伤害-6%(精英减半) · 3分钟	驱兽 受非玩家生物伤害-6%(精英减半) · 8分钟	驱兽 受非玩家生物伤害-6%(精英减半) · 15分钟	驱兽 受非玩家生物伤害-6%(精英减半) · 30分钟	驱兽 受非玩家生物伤害-6%(精英减半) · 单命永久	主题	舒适5分	舒适炖汤；南瓜灯驱邪。舒适5分保持。
★2	培根三明治	farmersdelight:bacon_sandwich	Farmer's Delight	增益	butcher	庖丁（牲畜额外掉肉）	宰杀牲畜额外+1肉/皮几率8%	庖丁 宰杀牲畜额外+1肉/皮几率8% · 3分钟	庖丁 宰杀牲畜额外+1肉/皮几率8% · 8分钟	庖丁 宰杀牲畜额外+1肉/皮几率8% · 15分钟	庖丁 宰杀牲畜额外+1肉/皮几率8% · 30分钟	庖丁 宰杀牲畜额外+1肉/皮几率8% · 单命永久	食材	无	培根=猪肉。 非厨锅出品（工作台）：需要调味台“掌勺”入口才能出品质（待拍板），否则只能做出家常。
★2	热可可	farmersdelight:hot_cocoa	Farmer's Delight	战斗	bittersweet	回甘（负面缩短）	新受原版负面时长-12%，生效时清1个	回甘 新受原版负面时长-12%，生效时清1个 · 3分钟	回甘 新受原版负面时长-12%，生效时清1个 · 8分钟	回甘 新受原版负面时长-12%，生效时清1个 · 15分钟	回甘 新受原版负面时长-12%，生效时清1个 · 30分钟	回甘 新受原版负面时长-12%，生效时清1个 · 单命永久	原效果	饮用时清除一个负面效果(HotCocoaItem)	原“饮用清除一个负面”保持。
★2	蔬菜汤	farmersdelight:vegetable_soup	Farmer's Delight	增益	harvest_bounty	丰收（作物额外产出）	收获成熟作物额外+1几率4%	丰收 收获成熟作物额外+1几率4% · 3分钟	丰收 收获成熟作物额外+1几率4% · 8分钟	丰收 收获成熟作物额外+1几率4% · 15分钟	丰收 收获成熟作物额外+1几率4% · 30分钟	丰收 收获成熟作物额外+1几率4% · 单命永久	主题	舒适3分	蔬菜类（效果池点名）。舒适3分保持。
★2	水果沙拉	farmersdelight:fruit_salad	Farmer's Delight	战斗	savory_heal	膳香（进食回血）	每吃完一份正餐回复3.5%基准血(冷却30秒)	膳香 每吃完一份正餐回复3.5%基准血(冷却30秒) · 3分钟	膳香 每吃完一份正餐回复3.5%基准血(冷却30秒) · 8分钟	膳香 每吃完一份正餐回复3.5%基准血(冷却30秒) · 15分钟	膳香 每吃完一份正餐回复3.5%基准血(冷却30秒) · 30分钟	膳香 每吃完一份正餐回复3.5%基准血(冷却30秒) · 单命永久	原效果	生命恢复 5s	原生命恢复5s保持；含西瓜片，和西瓜汁同走进食回血。 非厨锅出品（工作台）：需要调味台“掌勺”入口才能出品质（待拍板），否则只能做出家常。
★2	香烤鲑鱼	farmersdelight:grilled_salmon	Farmer's Delight	增益	angler	渔获（钓获体型）	钓获体型+0.08σ	渔获 钓获体型+0.08σ · 3分钟	渔获 钓获体型+0.08σ · 8分钟	渔获 钓获体型+0.08σ · 15分钟	渔获 钓获体型+0.08σ · 30分钟	渔获 钓获体型+0.08σ · 单命永久	主题	滋养3分	鱼料理（效果池点名）。滋养3分保持。 非厨锅出品（工作台）：需要调味台“掌勺”入口才能出品质（待拍板），否则只能做出家常。
★2	鱼肉炖	farmersdelight:fish_stew	Farmer's Delight	战斗	beast_ward	驱兽（对怪减伤）	受非玩家生物伤害-6%(精英减半)	驱兽 受非玩家生物伤害-6%(精英减半) · 3分钟	驱兽 受非玩家生物伤害-6%(精英减半) · 8分钟	驱兽 受非玩家生物伤害-6%(精英减半) · 15分钟	驱兽 受非玩家生物伤害-6%(精英减半) · 30分钟	驱兽 受非玩家生物伤害-6%(精英减半) · 单命永久	主题	舒适3分	舒适炖汤（效果池点名）。舒适3分保持。
★2	鸡蛋番茄丁土豆	moredelight:diced_potatoes_with_egg_and_tomato	More Delight	探索	surefoot	踏实（地形减速抵消）	脱战地形减速抵消15%	踏实 脱战地形减速抵消15% · 3分钟	踏实 脱战地形减速抵消15% · 8分钟	踏实 脱战地形减速抵消15% · 15分钟	踏实 脱战地形减速抵消15% · 30分钟	踏实 脱战地形减速抵消15% · 单命永久	主题	无	土豆=脚踏实地。
★2	鸡蛋番茄三明治	moredelight:chicken_sandwich_with_egg_and_tomato	More Delight	战斗	steady_body	稳身（受伤减免）	全来源受伤减免1.5%	稳身 全来源受伤减免1.5% · 3分钟	稳身 全来源受伤减免1.5% · 8分钟	稳身 全来源受伤减免1.5% · 15分钟	稳身 全来源受伤减免1.5% · 30分钟	稳身 全来源受伤减免1.5% · 单命永久	补位	无	番茄系，补稳身。 非厨锅出品（工作台）：需要调味台“掌勺”入口才能出品质（待拍板），否则只能做出家常。
★2	鸡肉沙拉	moredelight:chicken_salad	More Delight	战斗	lingering_regen	余韵（缓慢回血）	每10秒回复0.6%基准血	余韵 每10秒回复0.6%基准血 · 3分钟	余韵 每10秒回复0.6%基准血 · 8分钟	余韵 每10秒回复0.6%基准血 · 15分钟	余韵 每10秒回复0.6%基准血 · 30分钟	余韵 每10秒回复0.6%基准血 · 单命永久	原效果	生命恢复I 5s	原生命恢复I 5s保持。 非厨锅出品（工作台）：需要调味台“掌勺”入口才能出品质（待拍板），否则只能做出家常。
★2	简单汉堡	moredelight:simple_hamburger	More Delight	战斗	hunter_edge	猎手（对怪增伤）	对非玩家生物伤害+4%(精英除外)	猎手 对非玩家生物伤害+4%(精英除外) · 3分钟	猎手 对非玩家生物伤害+4%(精英除外) · 8分钟	猎手 对非玩家生物伤害+4%(精英除外) · 15分钟	猎手 对非玩家生物伤害+4%(精英除外) · 30分钟	猎手 对非玩家生物伤害+4%(精英除外) · 单命永久	主题	无	汉堡系统一给猎手。 非厨锅出品（工作台）：需要调味台“掌勺”入口才能出品质（待拍板），否则只能做出家常。
★2	起司吐司	moredelight:toast_with_cheese	More Delight	增益	pairing	佐餐（酿酒师联动）	酿酒师限时饮品时长+8%	佐餐 酿酒师限时饮品时长+8% · 3分钟	佐餐 酿酒师限时饮品时长+8% · 8分钟	佐餐 酿酒师限时饮品时长+8% · 15分钟	佐餐 酿酒师限时饮品时长+8% · 30分钟	佐餐 酿酒师限时饮品时长+8% · 单命永久	主题	无	奶酪配酒。 非厨锅出品（工作台）：需要调味台“掌勺”入口才能出品质（待拍板），否则只能做出家常。
★2	巧克力冰棒	moredelight:chocolate_popsicle	More Delight	探索	heat_ward	镇火（火焰减伤）	火焰/岩浆/燃烧伤害-15%，吃下当刻熄火	镇火 火焰/岩浆/燃烧伤害-15%，吃下当刻熄火 · 3分钟	镇火 火焰/岩浆/燃烧伤害-15%，吃下当刻熄火 · 8分钟	镇火 火焰/岩浆/燃烧伤害-15%，吃下当刻熄火 · 15分钟	镇火 火焰/岩浆/燃烧伤害-15%，吃下当刻熄火 · 30分钟	镇火 火焰/岩浆/燃烧伤害-15%，吃下当刻熄火 · 单命永久	主题	无	冰品（效果池点名）。 非厨锅出品（工作台）：需要调味台“掌勺”入口才能出品质（待拍板），否则只能做出家常。
★2	河豚寿司	oceansdelight:fugu_roll	Ocean's Delight	增益	iron_stomach	铁胃（食物负面缩短）	进食所附负面时长-30%	铁胃 进食所附负面时长-30% · 3分钟	铁胃 进食所附负面时长-30% · 8分钟	铁胃 进食所附负面时长-30% · 15分钟	铁胃 进食所附负面时长-30% · 30分钟	铁胃 进食所附负面时长-30% · 单命永久	主题	无	无原效果；与culturaldelights:pufferfish_roll同名，给同一效果免得混淆，配表仍按物品ID区分。 非厨锅出品（工作台）：需要调味台“掌勺”入口才能出品质（待拍板），否则只能做出家常。
★2	鱿鱼圈	oceansdelight:squid_rings	Ocean's Delight	探索	ink_veil	潜踪（怪物发现距离）	怪物发现你的距离-12%	潜踪 怪物发现你的距离-12% · 3分钟	潜踪 怪物发现你的距离-12% · 8分钟	潜踪 怪物发现你的距离-12% · 15分钟	潜踪 怪物发现你的距离-12% · 30分钟	潜踪 怪物发现你的距离-12% · 单命永久	食材	无	鱿鱼墨（效果池点名）。
★2	发光浆果酱	brewinandchewin:glow_berry_marmalade	Brewin' and Chewin'	探索	hunter_sight	察敌（怪物高亮）	8格内敌对生物仅对你高亮	察敌 8格内敌对生物仅对你高亮 · 3分钟	察敌 8格内敌对生物仅对你高亮 · 8分钟	察敌 8格内敌对生物仅对你高亮 · 15分钟	察敌 8格内敌对生物仅对你高亮 · 30分钟	察敌 8格内敌对生物仅对你高亮 · 单命永久	食材	无	发光浆果→让怪物发光。
★2	烤面筋	casualness_delight:roast_gluten	Casualness Delight	战斗	fiery_retort	辣味（近战反击点燃）	被怪物近战命中时15%几率点燃对方3秒	辣味 被怪物近战命中时15%几率点燃对方3秒 · 3分钟	辣味 被怪物近战命中时15%几率点燃对方3秒 · 8分钟	辣味 被怪物近战命中时15%几率点燃对方3秒 · 15分钟	辣味 被怪物近战命中时15%几率点燃对方3秒 · 30分钟	辣味 被怪物近战命中时15%几率点燃对方3秒 · 单命永久	主题	无	街头烧烤撒辣椒面。 非厨锅出品（工作台→营火/烟熏炉）：需要调味台“掌勺”入口才能出品质（待拍板），否则只能做出家常。
★2	海泡菜汁	crabbersdelight:sea_pickle_juice	Crabber's Delight	探索	gills	潜鳃（水下呼吸）	水下耗氧-50%	潜鳃 水下耗氧-50% · 3分钟	潜鳃 水下耗氧-50% · 8分钟	潜鳃 水下耗氧-50% · 15分钟	潜鳃 水下耗氧-50% · 30分钟	潜鳃 水下耗氧-50% · 单命永久	原效果	反胃 30s、水下呼吸 3分	原反胃30s、水下呼吸3分：家常保持；厨师出品（各品质相同）反胃减半为15s。 非厨锅出品（工作台）：需要调味台“掌勺”入口才能出品质（待拍板），否则只能做出家常。
★2	烤虾串	crabbersdelight:shrimp_skewer	Crabber's Delight	战斗	victory_feast	饱餐（击杀回血）	击杀敌对生物回复2.5%基准血(冷却2秒)	饱餐 击杀敌对生物回复2.5%基准血(冷却2秒) · 3分钟	饱餐 击杀敌对生物回复2.5%基准血(冷却2秒) · 8分钟	饱餐 击杀敌对生物回复2.5%基准血(冷却2秒) · 15分钟	饱餐 击杀敌对生物回复2.5%基准血(冷却2秒) · 30分钟	饱餐 击杀敌对生物回复2.5%基准血(冷却2秒) · 单命永久	主题	无	烤串类（效果池点名）。 非厨锅出品（工作台）：需要调味台“掌勺”入口才能出品质（待拍板），否则只能做出家常。
★2	珊瑚脆片	crabbersdelight:coral_crunch	Crabber's Delight	增益	magnet	聚宝（拾取范围）	拾取半径+0.75格	聚宝 拾取半径+0.75格 · 3分钟	聚宝 拾取半径+0.75格 · 8分钟	聚宝 拾取半径+0.75格 · 15分钟	聚宝 拾取半径+0.75格 · 30分钟	聚宝 拾取半径+0.75格 · 单命永久	主题	舒适1分	脆片小吃。舒适1分保持。 非厨锅出品（工作台）：需要调味台“掌勺”入口才能出品质（待拍板），否则只能做出家常。
★2	烤玉米	culturaldelights:elote	Cultural Delights	增益	harvest_bounty	丰收（作物额外产出）	收获成熟作物额外+1几率4%	丰收 收获成熟作物额外+1几率4% · 3分钟	丰收 收获成熟作物额外+1几率4% · 8分钟	丰收 收获成熟作物额外+1几率4% · 15分钟	丰收 收获成熟作物额外+1几率4% · 30分钟	丰收 收获成熟作物额外+1几率4% · 单命永久	食材	无	玉米。
★2	奶油玉米	culturaldelights:creamed_corn	Cultural Delights	增益	green_thumb	沃土（作物加速生长）	半径4格作物生长+8%	沃土 半径4格作物生长+8% · 3分钟	沃土 半径4格作物生长+8% · 8分钟	沃土 半径4格作物生长+8% · 15分钟	沃土 半径4格作物生长+8% · 30分钟	沃土 半径4格作物生长+8% · 单命永久	食材	无	玉米。
★2	牛油果土司	culturaldelights:avocado_toast	Cultural Delights	增益	green_thumb	沃土（作物加速生长）	半径4格作物生长+8%	沃土 半径4格作物生长+8% · 3分钟	沃土 半径4格作物生长+8% · 8分钟	沃土 半径4格作物生长+8% · 15分钟	沃土 半径4格作物生长+8% · 30分钟	沃土 半径4格作物生长+8% · 单命永久	食材	无	牛油果。 非厨锅出品（工作台）：需要调味台“掌勺”入口才能出品质（待拍板），否则只能做出家常。
★2	培根卷甜瓜	delightful:wrapped_cantaloupe	Delightful	战斗	beast_ward	驱兽（对怪减伤）	受非玩家生物伤害-6%(精英减半)	驱兽 受非玩家生物伤害-6%(精英减半) · 3分钟	驱兽 受非玩家生物伤害-6%(精英减半) · 8分钟	驱兽 受非玩家生物伤害-6%(精英减半) · 15分钟	驱兽 受非玩家生物伤害-6%(精英减半) · 30分钟	驱兽 受非玩家生物伤害-6%(精英减半) · 单命永久	原效果	⚠抗性提升 15s	原抗性提升15s→家常抗性I 8s，计入60秒冷却，不可增香；抗性的PvE版→驱兽。 非厨锅出品（工作台）：需要调味台“掌勺”入口才能出品质（待拍板），否则只能做出家常。
★2	蜂蜜曲奇	farmersdelight:honey_cookie	Farmer's Delight	探索	climber	攀爬（攀爬速度）	脱战攀爬速度+15%	攀爬 脱战攀爬速度+15% · 3分钟	攀爬 脱战攀爬速度+15% · 8分钟	攀爬 脱战攀爬速度+15% · 15分钟	攀爬 脱战攀爬速度+15% · 30分钟	攀爬 脱战攀爬速度+15% · 单命永久	主题	无	蜂蜜类（效果池点名）。 非厨锅出品（工作台）：需要调味台“掌勺”入口才能出品质（待拍板），否则只能做出家常。
★2	鲑鱼寿司	farmersdelight:salmon_roll	Farmer's Delight	增益	angler	渔获（钓获体型）	钓获体型+0.08σ	渔获 钓获体型+0.08σ · 3分钟	渔获 钓获体型+0.08σ · 8分钟	渔获 钓获体型+0.08σ · 15分钟	渔获 钓获体型+0.08σ · 30分钟	渔获 钓获体型+0.08σ · 单命永久	主题	无	鱼料理。也是寿司拼盘出份，从拼盘取出的按NBT给渔获★5。 非厨锅出品（工作台）：需要调味台“掌勺”入口才能出品质（待拍板），否则只能做出家常。
★2	混合沙拉	farmersdelight:mixed_salad	Farmer's Delight	战斗	lingering_regen	余韵（缓慢回血）	每10秒回复0.6%基准血	余韵 每10秒回复0.6%基准血 · 3分钟	余韵 每10秒回复0.6%基准血 · 8分钟	余韵 每10秒回复0.6%基准血 · 15分钟	余韵 每10秒回复0.6%基准血 · 30分钟	余韵 每10秒回复0.6%基准血 · 单命永久	原效果	生命恢复 5s	原生命恢复5s保持。 非厨锅出品（工作台）：需要调味台“掌勺”入口才能出品质（待拍板），否则只能做出家常。
★2	鸡肉汤	farmersdelight:chicken_soup	Farmer's Delight	战斗	bittersweet	回甘（负面缩短）	新受原版负面时长-12%，生效时清1个	回甘 新受原版负面时长-12%，生效时清1个 · 3分钟	回甘 新受原版负面时长-12%，生效时清1个 · 8分钟	回甘 新受原版负面时长-12%，生效时清1个 · 15分钟	回甘 新受原版负面时长-12%，生效时清1个 · 30分钟	回甘 新受原版负面时长-12%，生效时清1个 · 单命永久	主题	舒适5分	鸡汤治感冒。舒适5分保持。
★2	牛肉炖	farmersdelight:beef_stew	Farmer's Delight	战斗	vitality	体魄（生命上限）	生命上限+4%基础血(+3.2HP)	体魄 生命上限+4%基础血(+3.2HP) · 3分钟	体魄 生命上限+4%基础血(+3.2HP) · 8分钟	体魄 生命上限+4%基础血(+3.2HP) · 15分钟	体魄 生命上限+4%基础血(+3.2HP) · 30分钟	体魄 生命上限+4%基础血(+3.2HP) · 单命永久	主题	舒适3分	炖牛肉补身。舒适3分保持。
★2	烧烤串	farmersdelight:barbecue_stick	Farmer's Delight	增益	pairing	佐餐（酿酒师联动）	酿酒师限时饮品时长+8%	佐餐 酿酒师限时饮品时长+8% · 3分钟	佐餐 酿酒师限时饮品时长+8% · 8分钟	佐餐 酿酒师限时饮品时长+8% · 15分钟	佐餐 酿酒师限时饮品时长+8% · 30分钟	佐餐 酿酒师限时饮品时长+8% · 单命永久	主题	无	下酒菜。 非厨锅出品（工作台）：需要调味台“掌勺”入口才能出品质（待拍板），否则只能做出家常。
★2	蔬菜杂烩	farmersdelight:ratatouille	Farmer's Delight	增益	bountiful_pot	多福（做菜多出一份）	做菜多出1份家常品几率4%	多福 做菜多出1份家常品几率4% · 3分钟	多福 做菜多出1份家常品几率4% · 8分钟	多福 做菜多出1份家常品几率4% · 15分钟	多福 做菜多出1份家常品几率4% · 30分钟	多福 做菜多出1份家常品几率4% · 单命永久	主题	滋养1分	“杂烩”就是大杂烩锅菜。滋养1分保持。
★2	填馅马铃薯	farmersdelight:stuffed_potato	Farmer's Delight	战斗	hunter_edge	猎手（对怪增伤）	对非玩家生物伤害+4%(精英除外)	猎手 对非玩家生物伤害+4%(精英除外) · 3分钟	猎手 对非玩家生物伤害+4%(精英除外) · 8分钟	猎手 对非玩家生物伤害+4%(精英除外) · 15分钟	猎手 对非玩家生物伤害+4%(精英除外) · 30分钟	猎手 对非玩家生物伤害+4%(精英除外) · 单命永久	食材	无	牛肉饼和汉堡同馅，归汉堡系。 非厨锅出品（工作台）：需要调味台“掌勺”入口才能出品质（待拍板），否则只能做出家常。
★2	西瓜冰棍	farmersdelight:melon_popsicle	Farmer's Delight	探索	heat_ward	镇火（火焰减伤）	火焰/岩浆/燃烧伤害-15%，吃下当刻熄火	镇火 火焰/岩浆/燃烧伤害-15%，吃下当刻熄火 · 3分钟	镇火 火焰/岩浆/燃烧伤害-15%，吃下当刻熄火 · 8分钟	镇火 火焰/岩浆/燃烧伤害-15%，吃下当刻熄火 · 15分钟	镇火 火焰/岩浆/燃烧伤害-15%，吃下当刻熄火 · 30分钟	镇火 火焰/岩浆/燃烧伤害-15%，吃下当刻熄火 · 单命永久	主题	无	冰品（效果池点名）。 非厨锅出品（工作台）：需要调味台“掌勺”入口才能出品质（待拍板），否则只能做出家常。
★2	鳕鱼寿司	farmersdelight:cod_roll	Farmer's Delight	增益	angler	渔获（钓获体型）	钓获体型+0.08σ	渔获 钓获体型+0.08σ · 3分钟	渔获 钓获体型+0.08σ · 8分钟	渔获 钓获体型+0.08σ · 15分钟	渔获 钓获体型+0.08σ · 30分钟	渔获 钓获体型+0.08σ · 单命永久	主题	无	鱼料理。也是寿司拼盘出份，从拼盘取出的按NBT给渔获★5。 非厨锅出品（工作台）：需要调味台“掌勺”入口才能出品质（待拍板），否则只能做出家常。
★2	鸡肉丁土豆	moredelight:diced_potatoes_with_chicken_cuts	More Delight	探索	featherfall	轻羽（摔落减伤+潜行缓降）	摔落伤害-20%	轻羽 摔落伤害-20% · 3分钟	轻羽 摔落伤害-20% · 8分钟	轻羽 摔落伤害-20% · 15分钟	轻羽 摔落伤害-20% · 30分钟	轻羽 摔落伤害-20% · 单命永久	食材	无	鸡扑翅缓降。
★2	鸡肉煮饭	moredelight:cooked_rice_with_chicken_cuts	More Delight	探索	featherfall	轻羽（摔落减伤+潜行缓降）	摔落伤害-20%	轻羽 摔落伤害-20% · 3分钟	轻羽 摔落伤害-20% · 8分钟	轻羽 摔落伤害-20% · 15分钟	轻羽 摔落伤害-20% · 30分钟	轻羽 摔落伤害-20% · 单命永久	食材	滋养3分	鸡。滋养3分保持。
★2	蜜糖烤面包	moredelight:toast_with_honey	More Delight	探索	climber	攀爬（攀爬速度）	脱战攀爬速度+15%	攀爬 脱战攀爬速度+15% · 3分钟	攀爬 脱战攀爬速度+15% · 8分钟	攀爬 脱战攀爬速度+15% · 15分钟	攀爬 脱战攀爬速度+15% · 30分钟	攀爬 脱战攀爬速度+15% · 单命永久	主题	无	蜂蜜类（效果池点名）。 非厨锅出品（工作台）：需要调味台“掌勺”入口才能出品质（待拍板），否则只能做出家常。
★2	牛排三明治	moredelight:steak_sandwich	More Delight	增益	butcher	庖丁（牲畜额外掉肉）	宰杀牲畜额外+1肉/皮几率8%	庖丁 宰杀牲畜额外+1肉/皮几率8% · 3分钟	庖丁 宰杀牲畜额外+1肉/皮几率8% · 8分钟	庖丁 宰杀牲畜额外+1肉/皮几率8% · 15分钟	庖丁 宰杀牲畜额外+1肉/皮几率8% · 30分钟	庖丁 宰杀牲畜额外+1肉/皮几率8% · 单命永久	主题	无	效果池点名。 非厨锅出品（工作台）：需要调味台“掌勺”入口才能出品质（待拍板），否则只能做出家常。
★2	牛肉丁土豆	moredelight:diced_potatoes_with_beef	More Delight	战斗	vitality	体魄（生命上限）	生命上限+4%基础血(+3.2HP)	体魄 生命上限+4%基础血(+3.2HP) · 3分钟	体魄 生命上限+4%基础血(+3.2HP) · 8分钟	体魄 生命上限+4%基础血(+3.2HP) · 15分钟	体魄 生命上限+4%基础血(+3.2HP) · 30分钟	体魄 生命上限+4%基础血(+3.2HP) · 单命永久	主题	无	牛肉加土豆的硬菜。
★2	牛肉煮饭	moredelight:cooked_rice_with_beef	More Delight	探索	endurance	耐饥（饥饿消耗降低）	饥饿消耗-12%	耐饥 饥饿消耗-12% · 3分钟	耐饥 饥饿消耗-12% · 8分钟	耐饥 饥饿消耗-12% · 15分钟	耐饥 饥饿消耗-12% · 30分钟	耐饥 饥饿消耗-12% · 单命永久	主题	滋养3分	煮饭主食（效果池点名）。滋养3分保持。
★2	培根鸡蛋三明治	moredelight:egg_with_bacon_sandwich	More Delight	增益	job_mastery	精进（职业经验）	所有职业经验+3%	精进 所有职业经验+3% · 3分钟	精进 所有职业经验+3% · 8分钟	精进 所有职业经验+3% · 15分钟	精进 所有职业经验+3% · 30分钟	精进 所有职业经验+3% · 单命永久	主题	无	打工人早餐。 非厨锅出品（工作台）：需要调味台“掌勺”入口才能出品质（待拍板），否则只能做出家常。
★2	巧克力吐司	moredelight:toast_with_chocolate	More Delight	探索	wayfarer	赶路（脱战移速）	脱战移速+4%	赶路 脱战移速+4% · 3分钟	赶路 脱战移速+4% · 8分钟	赶路 脱战移速+4% · 15分钟	赶路 脱战移速+4% · 30分钟	赶路 脱战移速+4% · 单命永久	食材	无	可可，和巧克力派（速度）同系。 非厨锅出品（工作台）：需要调味台“掌勺”入口才能出品质（待拍板），否则只能做出家常。
★2	土豆沙拉	moredelight:potato_salad	More Delight	战斗	lingering_regen	余韵（缓慢回血）	每10秒回复0.6%基准血	余韵 每10秒回复0.6%基准血 · 3分钟	余韵 每10秒回复0.6%基准血 · 8分钟	余韵 每10秒回复0.6%基准血 · 15分钟	余韵 每10秒回复0.6%基准血 · 30分钟	余韵 每10秒回复0.6%基准血 · 单命永久	原效果	生命恢复I 5s	原生命恢复I 5s保持。
★2	荧光浆果吐司	moredelight:toast_with_glow_berries	More Delight	探索	night_sight	夜照（夜视）	夜视+失明/黑暗时长-5%	夜照 夜视+失明/黑暗时长-5% · 3分钟	夜照 夜视+失明/黑暗时长-5% · 8分钟	夜照 夜视+失明/黑暗时长-5% · 15分钟	夜照 夜视+失明/黑暗时长-5% · 30分钟	夜照 夜视+失明/黑暗时长-5% · 单命永久	食材	无	发光浆果（效果池点名）。 非厨锅出品（工作台）：需要调味台“掌勺”入口才能出品质（待拍板），否则只能做出家常。
★2	猪排丁土豆	moredelight:diced_potatoes_with_porkchop	More Delight	探索	surefoot	踏实（地形减速抵消）	脱战地形减速抵消15%	踏实 脱战地形减速抵消15% · 3分钟	踏实 脱战地形减速抵消15% · 8分钟	踏实 脱战地形减速抵消15% · 15分钟	踏实 脱战地形减速抵消15% · 30分钟	踏实 脱战地形减速抵消15% · 单命永久	主题	无	土豆=脚踏实地。
★2	猪排三明治	moredelight:porkchop_sandwich	More Delight	增益	thrift	惜物（工具耐久）	工具免扣耐久几率8%	惜物 工具免扣耐久几率8% · 3分钟	惜物 工具免扣耐久几率8% · 8分钟	惜物 工具免扣耐久几率8% · 15分钟	惜物 工具免扣耐久几率8% · 30分钟	惜物 工具免扣耐久几率8% · 单命永久	主题	无	三明治类（效果池点名）。 非厨锅出品（工作台）：需要调味台“掌勺”入口才能出品质（待拍板），否则只能做出家常。
★2	猪排煮饭	moredelight:cooked_rice_with_porkchop	More Delight	探索	endurance	耐饥（饥饿消耗降低）	饥饿消耗-12%	耐饥 饥饿消耗-12% · 3分钟	耐饥 饥饿消耗-12% · 8分钟	耐饥 饥饿消耗-12% · 15分钟	耐饥 饥饿消耗-12% · 30分钟	耐饥 饥饿消耗-12% · 单命永久	主题	滋养3分	煮饭主食。滋养3分保持。
★2	Honey Fried Kelp(英)	oceansdelight:honey_fried_kelp	Ocean's Delight	探索	climber	攀爬（攀爬速度）	脱战攀爬速度+15%	攀爬 脱战攀爬速度+15% · 3分钟	攀爬 脱战攀爬速度+15% · 8分钟	攀爬 脱战攀爬速度+15% · 15分钟	攀爬 脱战攀爬速度+15% · 30分钟	攀爬 脱战攀爬速度+15% · 单命永久	主题	无	蜂蜜炸海带（效果池点名）。
★2	炖海泡菜	oceansdelight:braised_sea_pickle	Ocean's Delight	探索	hunter_sight	察敌（怪物高亮）	8格内敌对生物仅对你高亮	察敌 8格内敌对生物仅对你高亮 · 3分钟	察敌 8格内敌对生物仅对你高亮 · 8分钟	察敌 8格内敌对生物仅对你高亮 · 15分钟	察敌 8格内敌对生物仅对你高亮 · 30分钟	察敌 8格内敌对生物仅对你高亮 · 单命永久	食材	无	海泡菜在水下会发光→让怪物发光。
★2	曲奇	minecraft:cookie	原版(配方来自FD/Delightful)	增益	magnet	聚宝（拾取范围）	拾取半径+0.75格	聚宝 拾取半径+0.75格 · 3分钟	聚宝 拾取半径+0.75格 · 8分钟	聚宝 拾取半径+0.75格 · 15分钟	聚宝 拾取半径+0.75格 · 30分钟	聚宝 拾取半径+0.75格 · 单命永久	主题	无	手抓小吃；村民交易换来的曲奇没有品质NBT，按家常。 非厨锅出品（工作台）：需要调味台“掌勺”入口才能出品质（待拍板），否则只能做出家常。
★1	苹果酱	brewinandchewin:apple_jelly	Brewin' and Chewin'	探索	rider	驭行（坐骑速度）	脱战坐骑移速+5%	驭行 脱战坐骑移速+5% · 3分钟	驭行 脱战坐骑移速+5% · 8分钟	驭行 脱战坐骑移速+5% · 15分钟	驭行 脱战坐骑移速+5% · 30分钟	驭行 脱战坐骑移速+5% · 单命永久	食材	无	苹果加糖是马的零食。
★1	甜浆果酱	brewinandchewin:sweet_berry_jam	Brewin' and Chewin'	探索	surefoot	踏实（地形减速抵消）	脱战地形减速抵消10%	踏实 脱战地形减速抵消10% · 3分钟	踏实 脱战地形减速抵消10% · 8分钟	踏实 脱战地形减速抵消10% · 15分钟	踏实 脱战地形减速抵消10% · 30分钟	踏实 脱战地形减速抵消10% · 单命永久	食材	无	取甜浆果丛的减速做主题。
★1	海带汁	crabbersdelight:kelp_shake	Crabber's Delight	探索	gills	潜鳃（水下呼吸）	水下耗氧-30%	潜鳃 水下耗氧-30% · 3分钟	潜鳃 水下耗氧-30% · 8分钟	潜鳃 水下耗氧-30% · 15分钟	潜鳃 水下耗氧-30% · 30分钟	潜鳃 水下耗氧-30% · 单命永久	原效果	海豚的恩惠 15s	原海豚的恩惠15s保持。 非厨锅出品（工作台）：需要调味台“掌勺”入口才能出品质（待拍板），否则只能做出家常。
★1	大骨汤	farmersdelight:bone_broth	Farmer's Delight	增益	green_thumb	沃土（作物加速生长）	半径4格作物生长+5%	沃土 半径4格作物生长+5% · 3分钟	沃土 半径4格作物生长+5% · 8分钟	沃土 半径4格作物生长+5% · 15分钟	沃土 半径4格作物生长+5% · 30分钟	沃土 半径4格作物生长+5% · 单命永久	食材	舒适1分	骨头→骨粉催熟。舒适1分保持。
★1	鸡蛋三明治	farmersdelight:egg_sandwich	Farmer's Delight	增益	thrift	惜物（工具耐久）	工具免扣耐久几率5%	惜物 工具免扣耐久几率5% · 3分钟	惜物 工具免扣耐久几率5% · 8分钟	惜物 工具免扣耐久几率5% · 15分钟	惜物 工具免扣耐久几率5% · 30分钟	惜物 工具免扣耐久几率5% · 单命永久	主题	无	三明治类。 非厨锅出品（工作台）：需要调味台“掌勺”入口才能出品质（待拍板），否则只能做出家常。
★1	卷心菜卷	farmersdelight:cabbage_rolls	Farmer's Delight	增益	harvest_bounty	丰收（作物额外产出）	收获成熟作物额外+1几率3%	丰收 收获成熟作物额外+1几率3% · 3分钟	丰收 收获成熟作物额外+1几率3% · 8分钟	丰收 收获成熟作物额外+1几率3% · 15分钟	丰收 收获成熟作物额外+1几率3% · 30分钟	丰收 收获成熟作物额外+1几率3% · 单命永久	食材	无	主料卷心菜。
★1	培根鸡蛋	farmersdelight:bacon_and_eggs	Farmer's Delight	增益	job_mastery	精进（职业经验）	所有职业经验+2%	精进 所有职业经验+2% · 3分钟	精进 所有职业经验+2% · 8分钟	精进 所有职业经验+2% · 15分钟	精进 所有职业经验+2% · 30分钟	精进 所有职业经验+2% · 单命永久	主题	滋养1分	开工早餐。滋养1分保持。 非厨锅出品（工作台）：需要调味台“掌勺”入口才能出品质（待拍板），否则只能做出家常。
★1	苹果酒	farmersdelight:apple_cider	Farmer's Delight	战斗	hearty_shield	披甲（黄心护盾）	黄心护盾2%基准血(80血约1.6点)，脱战10秒补满	披甲 黄心护盾2%基准血(80血约1.6点)，脱战10秒补满 · 3分钟	披甲 黄心护盾2%基准血(80血约1.6点)，脱战10秒补满 · 8分钟	披甲 黄心护盾2%基准血(80血约1.6点)，脱战10秒补满 · 15分钟	披甲 黄心护盾2%基准血(80血约1.6点)，脱战10秒补满 · 30分钟	披甲 黄心护盾2%基准血(80血约1.6点)，脱战10秒补满 · 单命永久	原效果	伤害吸收I 60s	原伤害吸收I 60s→家常30s，计入60秒食物战斗增益冷却，不可增香。
★1	甜浆果曲奇	farmersdelight:sweet_berry_cookie	Farmer's Delight	增益	magnet	聚宝（拾取范围）	拾取半径+0.5格	聚宝 拾取半径+0.5格 · 3分钟	聚宝 拾取半径+0.5格 · 8分钟	聚宝 拾取半径+0.5格 · 15分钟	聚宝 拾取半径+0.5格 · 30分钟	聚宝 拾取半径+0.5格 · 单命永久	主题	无	手抓小吃。 非厨锅出品（工作台）：需要调味台“掌勺”入口才能出品质（待拍板），否则只能做出家常。
★1	西瓜汁	farmersdelight:melon_juice	Farmer's Delight	战斗	savory_heal	膳香（进食回血）	每吃完一份正餐回复3%基准血(冷却30秒)	膳香 每吃完一份正餐回复3%基准血(冷却30秒) · 3分钟	膳香 每吃完一份正餐回复3%基准血(冷却30秒) · 8分钟	膳香 每吃完一份正餐回复3%基准血(冷却30秒) · 15分钟	膳香 每吃完一份正餐回复3%基准血(冷却30秒) · 30分钟	膳香 每吃完一份正餐回复3%基准血(冷却30秒) · 单命永久	原效果	饮用回复2点生命(MelonJuiceItem)	原“饮用回复2点生命”保持。本菜是饮品，膳香只在之后吃正餐时触发。 非厨锅出品（工作台）：需要调味台“掌勺”入口才能出品质（待拍板），否则只能做出家常。
★1	番茄三明治	moredelight:tomato_sandwich	More Delight	战斗	steady_body	稳身（受伤减免）	全来源受伤减免1%	稳身 全来源受伤减免1% · 3分钟	稳身 全来源受伤减免1% · 8分钟	稳身 全来源受伤减免1% · 15分钟	稳身 全来源受伤减免1% · 30分钟	稳身 全来源受伤减免1% · 单命永久	补位	无	★1补一个低档通用减伤；1%不改变27伤武器的3枪。 非厨锅出品（工作台）：需要调味台“掌勺”入口才能出品质（待拍板），否则只能做出家常。
★1	胡萝卜汤	moredelight:carrot_soup	More Delight	探索	night_sight	夜照（夜视）	夜视	夜照 夜视 · 3分钟	夜照 夜视 · 8分钟	夜照 夜视 · 15分钟	夜照 夜视 · 30分钟	夜照 夜视 · 单命永久	食材	舒适3分	胡萝卜护眼（效果池点名）。舒适3分保持。
★1	鸡蛋烤面包	moredelight:toast_with_egg	More Delight	探索	wayfarer	赶路（脱战移速）	脱战移速+3%	赶路 脱战移速+3% · 3分钟	赶路 脱战移速+3% · 8分钟	赶路 脱战移速+3% · 15分钟	赶路 脱战移速+3% · 30分钟	赶路 脱战移速+3% · 单命永久	补位	无	便携早餐。 非厨锅出品（工作台）：需要调味台“掌勺”入口才能出品质（待拍板），否则只能做出家常。
★1	甜浆果烤面包	moredelight:toast_with_sweet_berries	More Delight	战斗	lingering_regen	余韵（缓慢回血）	每10秒回复0.5%基准血	余韵 每10秒回复0.5%基准血 · 3分钟	余韵 每10秒回复0.5%基准血 · 8分钟	余韵 每10秒回复0.5%基准血 · 15分钟	余韵 每10秒回复0.5%基准血 · 30分钟	余韵 每10秒回复0.5%基准血 · 单命永久	食材	无	甜浆果和水果沙拉同源（生命恢复）。 非厨锅出品（工作台）：需要调味台“掌勺”入口才能出品质（待拍板），否则只能做出家常。
★1	土豆泥	moredelight:mashed_potatoes	More Delight	探索	endurance	耐饥（饥饿消耗降低）	饥饿消耗-8%	耐饥 饥饿消耗-8% · 3分钟	耐饥 饥饿消耗-8% · 8分钟	耐饥 饥饿消耗-8% · 15分钟	耐饥 饥饿消耗-8% · 30分钟	耐饥 饥饿消耗-8% · 单命永久	主题	无	主食类。
★1	蘑菇煲	minecraft:mushroom_stew	原版(配方来自FD/Delightful)	战斗	bittersweet	回甘（负面缩短）	新受原版负面时长-8%，生效时清1个	回甘 新受原版负面时长-8%，生效时清1个 · 3分钟	回甘 新受原版负面时长-8%，生效时清1个 · 8分钟	回甘 新受原版负面时长-8%，生效时清1个 · 15分钟	回甘 新受原版负面时长-8%，生效时清1个 · 30分钟	回甘 新受原版负面时长-8%，生效时清1个 · 单命永久	主题	无	迷之炖菜=蘑菇煲加一朵花；哞菇挤出的没有品质NBT，按家常。
